Year,Country,GDP,GDP per capita,Population,Government expenditure on education,Expenditure on tertiary education,"School enrollment, tertiary",Continent
2019,China,1.428E+13,10143.86022,1407745000.0,11.22663689,..,57.27544022,Asia
2019,India,2.83561E+12,2050.1638,1383112050.0,14.99800014,..,29.02300072,Asia
2019,Indonesia,1.1191E+12,4151.227554,269582878.0,17.33811378,..,37.92599869,Asia
2019,"Korea, Rep.",1.65142E+12,31902.4169,51764822.0,13.83082008,..,93.99891663,Asia
2019,Saudi Arabia,8.38565E+11,23405.70874,35827362.0,..,..,79.61306763,Asia
2019,Turkiye,7.61006E+11,9215.440875,82579440.0,11.1729641,..,117.0054703,Asia
2019,United Kingdom,2.85141E+12,42662.53537,66836327.0,12.01847935,..,65.96456146,Europe
2019,United States,2.15214E+13,65548.07078,328329953.0,15.51713371,..,87.88871002,North America
2019,Brunei Darussalam,13469235365,30748.30924,438048.0,..,..,31.39800072,Asia
2019,Israel,4.02471E+11,44452.23256,9054000.0,18.10598564,..,55.94453812,Asia
2019,Kuwait,1.38696E+11,31230.17295,4441100.0,..,..,50.47005844,Asia
2019,Monaco,7383944044,199382.8386,37034.0,5.029270172,..,..,Europe
2019,Oman,88060858257,19132.15227,4602768.0,13.05799961,..,45.17232132,Asia
2019,Qatar,1.76371E+11,62827.39696,2807235.0,8.636489868,..,21.09313965,Asia
2019,Singapore,3.76902E+11,66081.71992,5703569.0,16.47985268,..,91.08898926,Asia
2019,United Arab Emirates,4.1799E+11,45376.17084,9211657.0,13.56886959,..,46.48083115,Asia
2019,Afghanistan,18799444490,497.7414313,37769499.0,..,..,..,Asia
2019,Bangladesh,3.51232E+11,2122.037652,165516222.0,11.32900047,..,22.80500031,Asia
2019,"Egypt, Arab Rep.",3.18679E+11,3017.258336,105618671.0,..,..,..,Africa
2019,"Iran, Islamic Rep.",2.8365E+11,3276.753265,86564202.0,21.24452972,..,59.95137024,Asia
2019,Iraq,2.33636E+11,5621.181695,41563520.0,..,..,..,Asia
2019,Jordan,44502816901,4159.653754,10698683.0,9.949090004,..,31.59873009,Asia
2019,Lebanon,51605959131,8925.42186,5781907.0,8.144000053,..,50.3490181,Asia
2019,Malaysia,3.65178E+11,11132.10274,32804020.0,19.13800049,..,43.19800186,Asia
2019,Pakistan,3.20909E+11,1437.165833,223293280.0,11.59200001,..,11.34700012,Asia
2019,Philippines,3.76823E+11,3413.849044,110380804.0,17.88800049,..,31.23699951,Asia
2019,South Africa,3.8933E+11,6702.526617,58087055.0,18.69450378,..,24.01927948,Africa
2019,Sri Lanka,89014978344,4082.694049,21803000.0,..,..,20.21899986,Asia
2019,Thailand,5.43977E+11,7628.576033,71307763.0,14.49908352,..,49.14699936,Asia
2019,Bahrain,38653318085,25869.11291,1494188.0,9.869000435,..,53.6918602,Asia
2019,"Hong Kong SAR, China",3.63075E+11,48359.0012,7507900.0,17.4856205,..,83.8542099,Asia
2019,Albania,15401826127,5396.214243,2854191.0,11.40017986,..,62.07609177,Europe
2019,Algeria,1.9346E+11,4530.101745,42705368.0,14.4630003,..,54.1856308,Africa
2019,American Samoa,647000000,13672.57666,47321.0,..,..,..,Oceania
2019,Andorra,3155149348,41328.6005,76343.0,10.89523983,..,15,Europe
2019,Angola,70897962732,2191.347764,32353588.0,6.045000076,..,11.06099987,Africa
2019,Antigua and Barbuda,1725351852,18730.0048,92117.0,7.131000042,..,..,North America
2019,Argentina,4.47755E+11,9963.674162,44938712.0,12.5300703,..,95.0775528,South America
2019,Armenia,13619290539,4828.504886,2820602.0,10.00509262,..,53.30681992,Asia
2019,Aruba,3395798883,31902.80982,106442.0,..,..,..,North America
2019,Australia,1.39467E+12,55049.57192,25334826.0,15.29336834,..,109.7595596,Oceania
2019,Austria,4.44596E+11,50067.58573,8879920.0,9.881762505,..,86.32343292,Europe
2019,Azerbaijan,48174235294,4805.753718,10024283.0,8.593153,..,31.54019928,Asia
2019,"Bahamas, The",13016200000,32173.95818,404557.0,11.29199982,..,..,North America
2019,Barbados,5367139250,19156.03987,280180.0,13.85986042,..,..,North America
2019,Belarus,64410122847,6837.768321,9419758.0,13.07826328,..,80.17201996,Europe
2019,Belgium,5.35866E+11,46641.7214,11488980.0,11.81700134,..,79.30448151,Europe
2019,Belize,2386792476,6134.215233,389095.0,22.22006035,..,25.0688591,North America
2019,Benin,14390708751,1170.885995,12290444.0,18.44099998,..,10.7973299,Africa
2019,Bermuda,7423465000,116153.1661,63911.0,12.44200039,..,..,North America
2019,Bhutan,2735683409,3564.598771,767459.0,18.08600044,..,15.90799999,Asia
2019,Bolivia,40895322851,3472.380831,11777315.0,22.43413925,..,..,South America
2019,Bosnia and Herzegovina,20482608755,6094.724823,3360711.0,..,..,41.59703827,Europe
2019,Botswana,16725908149,6691.160846,2499702.0,22.34199905,..,22.97429085,Africa
2019,Brazil,1.87329E+12,8845.324149,211782878.0,12.74026966,..,52.62406158,South America
2019,British Virgin Islands,..,..,30610.0,..,..,26.0911293,North America
2019,Bulgaria,68881010246,9874.336326,6975761.0,10.48226261,..,75.33709717,Europe
2019,Burkina Faso,16032813502,765.2295604,20951639.0,20.88899994,..,6.93696022,Africa
2019,Burundi,2576518880,216.9729709,11874838.0,21.22200012,..,..,Africa
2019,Cabo Verde,2252177124,3903.050317,577030.0,15.15369987,..,..,Africa
2019,Cambodia,27089390033,1671.3854,16207746.0,18.93799973,..,13.53999996,Asia
2019,Cameroon,39667757528,1538.563063,25782341.0,14.1789999,..,..,Africa
2019,Canada,1.74373E+12,46352.86934,37618495.0,12.65248013,..,72.81506348,North America
2019,Cayman Islands,5941896600,89846.3211,66134.0,14.95800018,..,39.87599945,North America
2019,Central African Republic,2221301351,426.4087531,5209324.0,9.798000336,..,..,Africa
2019,Chad,11314951092,701.621201,16126866.0,14.21399975,..,..,Africa
2019,Channel Islands,9921386550,58564.3501,169410.0,..,..,..,Europe
2019,Chile,2.78285E+11,14616.20725,19039485.0,21.23353004,..,92.06597137,South America
2019,Colombia,3.23032E+11,6436.509215,50187406.0,13.71910954,..,56.66630173,South America
2019,Comoros,1195019532,1510.797324,790986.0,..,..,..,Africa
2019,"Congo, Dem. Rep.",51775829877,575.8827814,89906890.0,..,..,..,Africa
2019,"Congo, Rep.",13976637329,2508.940444,5570733.0,17.93099976,..,..,Africa
2019,Costa Rica,64417670521,12669.34115,5084532.0,..,..,54.71897125,North America
2019,Cote d'Ivoire,60382894697,2309.313583,26147551.0,19.84606934,..,9.912610054,Africa
2019,Croatia,61867157679,15218.5258,4065253.0,10.97616482,..,68.96237183,Europe
2019,Cuba,1.03428E+11,9139.38051,11316697.0,14.22599983,..,43.99377823,North America
2019,Curacao,3026124134,19220.6867,157441.0,..,..,15.28100014,North America
2019,Cyprus,25947020102,29419.99219,1228836.0,13.50742531,..,88.48532867,Asia
2019,Czechia,2.52548E+11,23664.84786,10671870.0,11.84270382,..,66.88021851,Europe
2019,Denmark,3.46499E+11,59592.98069,5814422.0,12.74289989,..,81.69458771,Europe
2019,Djibouti,3088853639,2876.043664,1073994.0,..,..,..,Africa
2019,Dominica,611537037,8561.587011,71428.0,8.298299789,..,..,North America
2019,Dominican Republic,88941372558,8173.344699,10881882.0,20.00900078,..,64.41000366,North America
2019,Ecuador,1.07596E+11,6203.727051,17343740.0,10.67455006,..,48.08787918,South America
2019,El Salvador,26881140000,4280.288404,6280217.0,14.33106995,..,28.36889076,North America
2019,Equatorial Guinea,11364133550,7317.390026,1553031.0,..,..,5.373000145,Africa
2019,Eritrea,..,..,3498818.0,..,..,..,Africa
2019,Estonia,31290453294,23581.65684,1326898.0,15.52501392,..,72.7060318,Europe
2019,Eswatini,4495267266,3843.380046,1169613.0,18.50699997,..,..,Africa
2019,Ethiopia,95912607722,840.4496013,114120594.0,20.92200089,..,..,Africa
2019,Faroe Islands,3266432734,63203.74478,51681.0,..,..,..,Europe
2019,Fiji,5444407198,5927.72419,918465.0,14.05000019,..,50.55891037,Oceania
2019,Finland,2.68515E+11,48629.85823,5521606.0,10.5227766,..,94.58911896,Europe
2019,France,2.72887E+12,40494.89829,67388001.0,9.481998444,..,67.73313141,Europe
2019,French Polynesia,6022276196,20093.20858,299717.0,..,..,..,Oceania
2019,Gabon,16874405460,7523.862278,2242785.0,14.07400036,..,19.62000084,Africa
2019,"Gambia, The",1813609692,722.8753563,2508883.0,14.09700012,..,..,Africa
2019,Georgia,17638337117,4741.283272,3720161.0,14.14191246,..,69.01641083,Asia
2019,Germany,3.88918E+12,46805.13843,83092962.0,9.726378441,..,72.70507813,Europe
2019,Ghana,68337969248,2167.925276,31522290.0,14.27200031,..,17.43388939,Africa
2019,Gibraltar,..,..,32685.0,7.364999771,..,..,Europe
2019,Greece,2.05253E+11,19143.88762,10721582.0,8.355419159,..,142.3881073,Europe
2019,Greenland,2997309972,53309.20359,56225.0,..,..,..,North America
2019,Grenada,1213485185,9887.920742,122724.0,..,..,..,North America
2019,Guam,6355000000,37687.39918,168624.0,..,..,..,Oceania
2019,Guatemala,77172317259,4647.807541,16604026.0,18.54369736,..,22.65051079,North America
2019,Guinea,13442861496,1043.899886,12877539.0,12.40536022,..,6.843999863,Africa
2019,Guinea-Bissau,1486476582,754.3816394,1970457.0,..,..,..,Africa
2019,Guyana,5173760192,6477.296726,798753.0,..,..,..,South America
2019,Haiti,15016090930,1345.475055,11160438.0,12.86200047,..,..,North America
2019,Honduras,24882225742,2498.509186,9958829.0,..,..,25.12657928,North America
2019,Hungary,1.6402E+11,16786.21364,9771141.0,10.19274426,..,52.36026001,Europe
2019,Iceland,24681343649,68452.23622,360563.0,16.13585663,..,70.60935211,Europe
2019,Ireland,3.98933E+11,80848.3019,4934340.0,13.21244431,..,75.17993927,Europe
2019,Isle of Man,7314967866,87152.46526,83933.0,..,..,..,Europe
2019,Italy,2.0113E+12,33673.75096,59729081.0,8.047363281,..,65.6893692,Europe
2019,Jamaica,15830766531,5626.170459,2813773.0,17.31398964,..,..,North America
2019,Japan,5.11799E+12,40415.95676,126633000.0,8.146375656,..,62.11849976,Asia
2019,Kazakhstan,1.81667E+11,9812.595526,18513673.0,18.96017456,..,59.58200073,Asia
2019,Kenya,1.00378E+11,1970.08007,50951450.0,..,..,10.56947041,Africa
2019,Kiribati,216891541,1745.732415,124241.0,12.19363499,..,..,Oceania
2019,"Korea, Dem. People's Rep.",..,..,25755441.0,..,..,..,Asia
2019,Kosovo,7899737577,4416.029253,1788878.0,..,..,..,Europe
2019,Kyrgyz Republic,9371275264,1451.515638,6456200.0,20.06521797,..,41.55699921,Asia
2019,Lao PDR,18740561513,2598.505795,7212053.0,11.62300014,..,13.76599979,Asia
2019,Latvia,34225547537,17883.34941,1913822.0,15.01828766,..,94.86453247,Europe
2019,Lesotho,2390702296,1074.134047,2225702.0,13.82600021,..,..,Africa
2019,Liberia,3319596500,665.8784476,4985289.0,13.71899986,..,..,Africa
2019,Libya,72081962263,10972.90252,6569088.0,..,..,..,Africa
2019,Liechtenstein,6436467007,167259.1603,38482.0,..,..,41.16584015,Europe
2019,Lithuania,54808531641,19615.54915,2794137.0,13.27595139,..,72.00897217,Europe
2019,Luxembourg,69890505324,112726.4397,620001.0,11.18255234,..,19.39694977,Europe
2019,"Macao SAR, China",55082293844,82998.6361,663653.0,15.55207253,..,80.09111786,Asia
2019,Madagascar,14104664679,512.2796656,27533134.0,17.95299911,..,5.534029961,Africa
2019,Malawi,11077305330,587.1154647,18867337.0,..,..,..,Africa
2019,Maldives,5726094799,11349.85927,504508.0,12.05500031,..,36.26837158,Asia
2019,Mali,17280250810,840.1757464,20567424.0,15.35702991,..,4.734000206,Africa
2019,Malta,16004563886,31751.18118,504062.0,14.07578087,..,58.53686905,Europe
2019,Marshall Islands,231996704.1,5186.833842,44728.0,15.04273987,..,41.47465134,Oceania
2019,Mauritania,7894764886,1800.875187,4383849.0,10.22801971,..,5.869890213,Africa
2019,Mauritius,14436346980,11403.25279,1265985.0,14.49410057,..,42.66407013,Africa
2019,Mexico,1.30521E+12,10434.56762,125085311.0,..,..,43.04413986,North America
2019,"Micronesia, Fed. Sts.",394000000,3537.471157,111379.0,18.10700035,..,..,Oceania
2019,Moldova,11736797055,4405.334182,2664224.0,18.37224579,..,54.77457047,Europe
2019,Mongolia,14206359018,4394.94715,3232430.0,14.07755661,..,63.41799927,Asia
2019,Montenegro,5542054181,8909.653876,622028.0,..,..,54.96417999,Europe
2019,Morocco,1.2892E+11,3498.582764,36304408.0,21.46500015,..,38.02486038,Africa
2019,Mozambique,15512758965,512.2157569,30285595.0,19.0340004,..,7.301000118,Africa
2019,Myanmar,75065106228,1415.248986,53040212.0,9.820048332,14.62929,..,Asia
2019,Namibia,12541928103,5126.176143,2446644.0,25.2689991,..,27.74831009,Africa
2019,Nauru,125160115.5,10316.52782,12132.0,..,..,..,Oceania
2019,Nepal,34186180699,1185.682318,28832496.0,..,..,13.92241001,Asia
2019,Netherlands,9.10194E+11,52476.27325,17344874.0,11.83492565,..,..,Europe
2019,New Caledonia,9475655325,34934.57943,271240.0,..,..,..,Oceania
2019,New Zealand,2.12847E+11,42747.20993,4979200.0,15.86584187,..,77.58437347,Oceania
2019,Nicaragua,12699046245,1905.640917,6663924.0,23.94099998,..,17.76799965,North America
2019,Niger,12889555561,549.8161278,23443393.0,13.01299953,..,4.433390141,Africa
2019,Nigeria,4.74517E+11,2334.023642,203304492.0,..,..,..,Africa
2019,North Macedonia,12606338449,6718.858266,1876262.0,..,..,39.73989868,Europe
2019,Northern Mariana Islands,1181000000,23687.27185,49858.0,..,..,..,Oceania
2019,Norway,4.08743E+11,76430.58895,5347896.0,10.87436867,..,85.76338196,Europe
2019,Palau,281828704.8,15730.55955,17916.0,..,..,..,Oceania
2019,Panama,69721787500,16472.83175,4232532.0,9.112000465,..,..,North America
2019,Papua New Guinea,24751066911,2593.775554,9542486.0,..,..,..,Oceania
2019,Paraguay,37925338329,5807.838794,6530026.0,..,..,..,South America
2019,Peru,2.28346E+11,6956.495749,32824861.0,17.76287079,..,..,South America
2019,Poland,5.96058E+11,15700.01358,37965475.0,11.98780537,..,70.90650177,Europe
2019,Portugal,2.39987E+11,23330.81729,10286263.0,10.52925491,..,65.93405151,Europe
2019,Puerto Rico,1.05126E+11,32916.8668,3193694.0,..,..,..,North America
2019,Romania,2.51018E+11,12957.99911,19371648.0,10.08806038,..,52.43938065,Europe
2019,Russian Federation,1.69312E+12,11447.70117,145453291.0,9.285696983,..,83.32849121,Europe
2019,Rwanda,10349299856,806.332472,12835028.0,10.99800014,..,6.058100224,Africa
2019,Samoa,912950466.1,4308.300729,211905.0,15.59599972,..,13.12300014,Oceania
2019,San Marino,1616188702,47287.39839,34178.0,8.907902718,..,49.67966843,Europe
2019,Sao Tome and Principe,412976064.5,1924.40815,214599.0,17.59199905,..,..,Africa
2019,Senegal,23403995992,1462.678353,16000781.0,18.73500061,..,13.3833704,Africa
2019,Serbia,51514242939,7417.206608,6945235.0,8.604599953,..,69.04138184,Europe
2019,Seychelles,1868690097,19141.51187,97625.0,6.105577469,..,16.35396004,Africa
2019,Sierra Leone,4076578699,506.6069138,8046828.0,35.00999832,..,..,Africa
2019,Sint Maarten (Dutch part),1407880447,35509.49473,39648.0,..,..,..,North America
2019,Slovak Republic,1.05712E+11,19381.89055,5454147.0,10.47099113,..,48.19023895,Europe
2019,Slovenia,54386654314,26042.44635,2088385.0,12.5714798,..,76.47200775,Europe
2019,Solomon Islands,1619155017,2398.77305,674993.0,..,..,..,Oceania
2019,Somalia,9420431258,589.4658919,15981300.0,4.189874649,..,..,Africa
2019,South Sudan,..,..,10447666.0,9.409000397,..,..,Africa
2019,Spain,1.39432E+12,29581.51855,47134837.0,9.576940536,..,91.02026367,Europe
2019,St. Kitts and Nevis,1107855556,23219.64193,47712.0,..,..,..,North America
2019,St. Lucia,2092081549,11714.89755,178583.0,14.08432007,..,16.01026917,North America
2019,St. Martin (French part),652206037.1,19691.61671,33121.0,..,..,..,North America
2019,St. Vincent and the Grenadines,910766666.7,8680.251102,104924.0,..,..,..,North America
2019,Sudan,32338079165,748.0109253,43232093.0,..,..,..,Africa
2019,Suriname,4016040575,6690.044786,600301.0,14.08399963,..,..,South America
2019,Sweden,5.3388E+11,51939.42974,10278887.0,14.07531929,..,75.11485291,Europe
2019,Switzerland,7.21369E+11,84121.93103,8575280.0,15.64546299,..,66.30934143,Europe
2019,Syrian Arab Republic,22583045053,1123.632353,20098251.0,..,..,..,Asia
2019,Tajikistan,8300813599,889.0233407,9337003.0,..,..,..,Asia
2019,Tanzania,61026731926,1050.931763,59872579.0,14.29199982,..,3.024230003,Africa
2019,Timor-Leste,2027034000,1583.078603,1280438.0,6.869999886,..,..,Asia
2019,Togo,6992700101,848.310125,8243094.0,19.23500061,..,13.32341957,Africa
2019,Tonga,512053692.1,4878.978686,104951.0,12.99600029,..,..,Oceania
2019,Trinidad and Tobago,23775754305,15642.40672,1519955.0,10.34200001,..,..,North America
2019,Tunisia,41905540184,3477.836181,12049314.0,..,..,31.82082939,Africa
2019,Turkmenistan,45232857143,7344.880204,6158420.0,23.01025009,..,12.97550011,Asia
2019,Turks and Caicos Islands,1177285212,27327.88328,43080.0,9.615440369,..,11.76000023,North America
2019,Tuvalu,54123198.57,4940.050983,10956.0,..,..,..,Oceania
2019,Uganda,35348155095,823.0247329,42949080.0,8.897000313,..,..,Africa
2019,Ukraine,1.53883E+11,3661.457764,44474512.0,14.55809975,..,84.48136139,Europe
2019,Uruguay,62222387929,18149.05629,3428409.0,15.18854046,..,61.96443176,South America
2019,Uzbekistan,60283503705,1795.201768,33580350.0,25.59158516,..,12.77099991,Asia
2019,Vanuatu,936526267.6,3076.589886,304404.0,4.455299854,..,..,Oceania
2019,"Venezuela, RB",..,..,28971683.0,..,..,..,South America
2019,Viet Nam,3.34365E+11,3491.09141,95776716.0,15.57199955,..,28.5069294,Asia
2019,Virgin Islands (U.S.),4121000000,38633.52989,106669.0,..,..,..,North America
2019,West Bank and Gaza,17133500000,3656.858271,4685306.0,..,..,45.3549118,Asia
2019,"Yemen, Rep.",..,693.8165076,31546691.0,..,..,..,Asia
2019,Zambia,23308667781,1268.120941,18380477.0,15.29199982,..,..,Africa
2019,Zimbabwe,21832234926,1421.868596,15354608.0,..,..,9.99600029,Africa
2020,China,1.46877E+13,10408.71955,1411100000.0,10.53292751,..,62.23677826,Asia
2020,India,2.67485E+12,1915.551588,1396387127.0,14.71899986,..,29.81999969,Asia
2020,Indonesia,1.05905E+12,3895.618152,271857970.0,17.94368362,..,38.65000153,Asia
2020,"Korea, Rep.",1.64431E+12,31721.29891,51836239.0,12.83170986,..,96.87677002,Asia
2020,Saudi Arabia,7.34271E+11,20398.06143,35997107.0,..,..,74.78057098,Asia
2020,Turkiye,7.20338E+11,8638.739133,83384680.0,9.311233521,..,118.8836823,Asia
2020,United Kingdom,2.69781E+12,40217.00901,67081234.0,10.72942924,..,69.98657227,Europe
2020,United States,2.1323E+13,64317.39891,331526933.0,12.65421581,..,87.56765747,North America
2020,Brunei Darussalam,12005799654,27179.35289,441725.0,..,..,32.69832993,Asia
2020,Israel,4.13268E+11,44846.7916,9215100.0,15.68691826,..,56.42721939,Asia
2020,Kuwait,1.07513E+11,24656.43371,4360444.0,..,..,53.7298584,Asia
2020,Monaco,6739645416,182537.3874,36922.0,..,..,..,Europe
2020,Oman,75909397659,16707.62301,4543399.0,15.44277,..,48.37543869,Asia
2020,Qatar,1.44411E+11,52315.66008,2760385.0,9.319109917,..,23.76491928,Asia
2020,Singapore,3.49488E+11,61466.80368,5685807.0,11.21518135,..,93.13477325,Asia
2020,United Arab Emirates,3.49473E+11,37629.17417,9287289.0,12.79823017,..,52.70621872,Asia
2020,Afghanistan,19955929052,512.055098,38972230.0,..,..,10.8584404,Asia
2020,Bangladesh,3.73979E+11,2233.767282,167420951.0,10.38700008,..,22.53899956,Asia
2020,"Egypt, Arab Rep.",3.83818E+11,3571.556907,107465134.0,..,..,40.01293945,Africa
2020,"Iran, Islamic Rep.",2.39735E+11,2746.419483,87290193.0,22.66550064,..,57.34032822,Asia
2020,Iraq,1.80899E+11,4250.742908,42556984.0,..,..,..,Asia
2020,Jordan,43700383099,3998.673138,10928721.0,..,..,32.66852951,Asia
2020,Lebanon,31712128254,5599.957523,5662923.0,9.897999763,..,51.6985817,Asia
2020,Malaysia,3.37456E+11,10164.34443,33199993.0,15.61563969,..,42.40999985,Asia
2020,Pakistan,3.00426E+11,1322.314785,227196741.0,10.79599953,..,11.94423962,Asia
2020,Philippines,3.61751E+11,3224.422811,112190977.0,16.97400093,..,32.84700012,Asia
2020,South Africa,3.38291E+11,5753.066494,58801927.0,18.48413086,..,25.12968063,Africa
2020,Sri Lanka,84304298771,3846.174496,21919000.0,5.468999863,..,20.81200027,Asia
2020,Thailand,5.00462E+11,7001.850287,71475664.0,12.28408241,..,48.01499939,Asia
2020,Bahrain,34621807713,23433.18724,1477469.0,9.366999626,..,56.63399887,Asia
2020,"Hong Kong SAR, China",3.44943E+11,46109.22999,7481000.0,12.821702,..,89.94789886,Asia
2020,Albania,15162734205,5343.037704,2837849.0,10.1343832,..,61.39257813,Europe
2020,Algeria,1.64873E+11,3794.409524,43451666.0,16.54899979,..,53.61402893,Africa
2020,American Samoa,721000000,15609.77722,46189.0,..,..,..,Oceania
2020,Andorra,2891001149,37207.222,77700.0,8.991999626,..,15.09827042,Europe
2020,Angola,48501561204,1450.905111,33428486.0,6.467000008,..,..,Africa
2020,Antigua and Barbuda,1410796296,15224.85859,92664.0,7.379000187,..,..,North America
2020,Argentina,3.85741E+11,8500.837939,45376763.0,12.42228985,..,99.26622772,South America
2020,Armenia,12641698583,4505.867742,2805608.0,9.572380066,..,53.30612946,Asia
2020,Aruba,2558906304,24008.12782,106585.0,..,..,..,North America
2020,Australia,1.33038E+12,51868.24756,25649248.0,14.45625305,..,110.1392212,Oceania
2020,Austria,4.35049E+11,48789.49785,8916864.0,8.949609756,..,88.7071991,Europe
2020,Azerbaijan,42693000000,4229.910649,10093121.0,9.802010536,..,36.15219879,Asia
2020,"Bahamas, The",9958200000,24499.16476,406471.0,12.18200016,..,..,North America
2020,Barbados,4779756550,17028.41378,280693.0,16.14246941,..,..,North America
2020,Belarus,61371755326,6542.86454,9379952.0,12.87037659,..,76.89089203,Europe
2020,Belgium,5.26022E+11,45587.96831,11538604.0,11.14883709,..,79.49960327,Europe
2020,Belize,2047727810,5185.15807,394921.0,18.99353981,..,25.70165062,North America
2020,Benin,15686741884,1240.733155,12643123.0,..,..,10.80247974,Africa
2020,Bermuda,6887147000,107791.8864,63893.0,12.28600025,..,..,North America
2020,Bhutan,2457604042,3181.339747,772506.0,18.54899979,..,16.85000038,Asia
2020,Bolivia,36629843806,3068.812555,11936162.0,22.21692085,..,..,South America
2020,Bosnia and Herzegovina,20226036564,6095.104237,3318407.0,..,..,40.88134003,Europe
2020,Botswana,14960291106,5875.070435,2546402.0,21.46500015,..,24.01279068,Africa
2020,Brazil,1.47611E+12,6923.699912,213196304.0,11.56258965,..,54.57279968,South America
2020,British Virgin Islands,..,..,30910.0,11.86400032,..,32.4414711,North America
2020,Bulgaria,70368758395,10148.3424,6934015.0,9.456896782,..,74.37622833,Europe
2020,Burkina Faso,17725010531,823.5524109,21522626.0,21.11199951,..,7.683710098,Africa
2020,Burundi,2649680261,216.8274175,12220227.0,20.74200058,..,..,Africa
2020,Cabo Verde,1821565614,3126.399859,582640.0,17.09000015,..,..,Africa
2020,Cambodia,25872797892,1577.91174,16396860.0,17.16799927,..,14.44099998,Asia
2020,Cameroon,40773241177,1539.130545,26491087.0,14.45100021,..,..,Africa
2020,Canada,1.65568E+12,43537.8393,38028638.0,9.877542496,..,74.15714264,North America
2020,Cayman Islands,5655357984,84018.33258,67311.0,..,..,47.55099869,North America
2020,Central African Republic,2326720900,435.4692478,5343020.0,9.781999588,..,..,Africa
2020,Chad,10715396042,643.7722157,16644701.0,11.67199993,..,4.533199787,Africa
2020,Channel Islands,9301349237,54357.93445,171113.0,..,..,..,Europe
2020,Chile,2.54042E+11,13162.59135,19300315.0,19.35499954,..,89.11248779,South America
2020,Colombia,2.70348E+11,5308.164707,50930662.0,15.69075966,..,55.73310852,South America
2020,Comoros,1225039197,1519.586781,806166.0,11.47599983,..,..,Africa
2020,"Congo, Dem. Rep.",48716961860,524.6666862,92853164.0,..,..,6.666920185,Africa
2020,"Congo, Rep.",11468688141,2011.28344,5702174.0,18.28800011,..,..,Africa
2020,Costa Rica,62395610760,12179.25667,5123105.0,..,..,..,North America
2020,Cote d'Ivoire,63027852805,2350.751397,26811790.0,18.59025002,..,9.7769804,Africa
2020,Croatia,58221300898,14383.8695,4047680.0,10.3530426,..,69.34697723,Europe
2020,Cuba,1.07352E+11,9499.572504,11300698.0,16.6609993,..,45.92990875,North America
2020,Curacao,2534327598,16356.09336,154947.0,15.31299973,..,14.87899971,North America
2020,Cyprus,25227189745,28281.41211,1237537.0,12.93712711,..,92.9377594,Asia
2020,Czechia,2.45975E+11,22992.87938,10697858.0,10.74304962,..,67.18437195,Europe
2020,Denmark,3.54763E+11,60836.59241,5831404.0,11.91557789,..,82.66432953,Europe
2020,Djibouti,3185150981,2921.738706,1090156.0,..,..,..,Africa
2020,Dominica,504214814.8,7003.469891,71995.0,10.66617012,..,..,North America
2020,Dominican Republic,78844656298,7167.914974,10999664.0,20.63400078,..,58.72640991,North America
2020,Ecuador,95865472000,5450.433761,17588595.0,10.58911037,..,57.93766022,South America
2020,El Salvador,24921190000,3960.313892,6292731.0,11.86849117,..,30.81921005,North America
2020,Equatorial Guinea,9893816008,6198.942519,1596049.0,..,..,..,Africa
2020,Eritrea,..,..,3555868.0,..,..,..,Africa
2020,Estonia,31330419851,23565.17594,1329522.0,14.28443909,..,72.0443573,Europe
2020,Eswatini,3982236694,3372.904611,1180655.0,15.89099979,..,..,Africa
2020,Ethiopia,1.07658E+11,918.6525941,117190911.0,22.44799995,..,..,Africa
2020,Faroe Islands,3262045883,62234.96868,52415.0,..,..,..,Europe
2020,Fiji,4432466220,4815.689129,920422.0,16.3920002,..,..,Oceania
2020,Finland,2.71886E+11,49169.71934,5529543.0,10.2389679,..,96.47263336,Europe
2020,France,2.64742E+12,39179.74426,67571107.0,8.822711945,..,68.40949249,Europe
2020,French Polynesia,5792545871,19185.69777,301920.0,..,..,..,Oceania
2020,Gabon,15314577168,6680.08267,2292573.0,15.76399994,..,..,Africa
2020,"Gambia, The",1812170891,704.0304628,2573995.0,14.27600002,..,..,Africa
2020,Georgia,16010869216,4300.857013,3722716.0,12.06711292,..,71.31075287,Asia
2020,Germany,3.88773E+12,46749.47623,83160871.0,9.298440933,..,72.38941956,Europe
2020,Ghana,70043095504,2176.576218,32180401.0,13.62899971,..,18.64871979,Africa
2020,Gibraltar,..,..,32709.0,7.681000233,..,..,Europe
2020,Greece,1.8848E+11,17617.29151,10698599.0,7.539191723,..,143.3106842,Europe
2020,Greenland,3082884653,54693.07668,56367.0,..,..,..,North America
2020,Grenada,1043411111,8437.536782,123663.0,..,..,..,North America
2020,Guam,5916000000,34958.13415,169231.0,..,..,..,Oceania
2020,Guatemala,77715183063,4609.897258,16858333.0,19.05345345,..,18.69400024,North America
2020,Guinea,14177835841,1073.659339,13205153.0,14.29006004,..,5.770999908,Africa
2020,Guinea-Bissau,1520479985,754.270694,2015828.0,..,..,..,Africa
2020,Guyana,5471256595,6863.074346,797202.0,..,..,..,South America
2020,Haiti,14508222518,1283.141228,11306801.0,10.00399971,..,..,North America
2020,Honduras,23352232484,2307.13093,10121763.0,..,..,..,North America
2020,Hungary,1.57289E+11,16131.95404,9750149.0,9.333879471,..,54.6012001,Europe
2020,Iceland,21629953194,59023.56635,366463.0,15.87585068,..,74.59060669,Europe
2020,Ireland,4.28609E+11,85973.08849,4985382.0,11.87757587,..,74.68031311,Europe
2020,Isle of Man,6684225641,79530.56232,84046.0,..,..,..,Europe
2020,Italy,1.89746E+12,31922.91916,59438851.0,7.493881702,..,68.72290039,Europe
2020,Jamaica,13812421836,4897.264762,2820436.0,..,..,..,North America
2020,Japan,5.05559E+12,40040.76551,126261000.0,7.292849541,..,62.13584137,Asia
2020,Kazakhstan,1.71082E+11,9121.636409,18755666.0,20.16492653,..,64.84999847,Asia
2020,Kenya,1.00658E+11,1936.250755,51985780.0,17.92133331,..,19.34900093,Africa
2020,Kiribati,222973879.7,1763.155071,126463.0,12.45644855,..,..,Oceania
2020,"Korea, Dem. People's Rep.",..,..,25867467.0,..,..,..,Asia
2020,Kosovo,7717145218,4310.934002,1790133.0,..,..,..,Europe
2020,Kyrgyz Republic,8270468614,1256.929226,6579900.0,20.81489754,..,45.92399979,Asia
2020,Lao PDR,18981805250,2593.355718,7319399.0,10.91100025,..,12.58399963,Asia
2020,Latvia,34390910339,18096.20271,1900449.0,13.70331764,..,94.51083374,Europe
2020,Lesotho,2053338465,910.9349475,2254100.0,14.77099991,..,..,Africa
2020,Liberia,3176126340,624.28971,5087584.0,13.7130003,..,..,Africa
2020,Libya,65688454972,9872.111144,6653942.0,..,..,..,Africa
2020,Liechtenstein,6405870210,165287.1868,38756.0,..,..,42.59860992,Europe
2020,Lithuania,56964942999,20381.85578,2794885.0,12.17055798,..,70.78690338,Europe
2020,Luxembourg,73699366700,116905.3704,630419.0,10.65698624,..,19.96138954,Europe
2020,"Macao SAR, China",25343525936,37474.73459,676283.0,12.29888248,..,86.79566956,Asia
2020,Madagascar,13051441204,462.4042288,28225177.0,15.33699989,..,5.676859856,Africa
2020,Malawi,12041250084,621.4177725,19377061.0,..,..,2.433000088,Africa
2020,Maldives,3712604583,7216.816377,514438.0,10.50500011,..,..,Asia
2020,Mali,17465392764,822.9061368,21224040.0,15.1426096,..,..,Africa
2020,Malta,15249999048,29592.57148,515332.0,12.54180145,..,62.87525177,Europe
2020,Marshall Islands,240751144.4,5545.600267,43413.0,19.36899948,..,..,Oceania
2020,Mauritania,8260752385,1836.292411,4498604.0,9.727089882,..,5.951250076,Africa
2020,Mauritius,11408106446,9011.042884,1266014.0,12.52796745,..,42.78414917,Africa
2020,Mexico,1.12083E+12,8895.615216,125998302.0,16.19585991,..,45.16545105,North America
2020,"Micronesia, Fed. Sts.",372000000,3318.288049,112106.0,18.61499977,..,..,Oceania
2020,Moldova,11530746234,4375.778893,2635130.0,17.17365074,..,56.24251938,Europe
2020,Mongolia,13312981429,4041.174146,3294335.0,11.25677681,..,64.54799652,Asia
2020,Montenegro,4769996866,7677.371321,621306.0,..,..,56.8306694,Europe
2020,Morocco,1.21354E+11,3258.269043,36688772.0,24.15800095,..,40.02001953,Africa
2020,Mozambique,14235420174,456.5819184,31178239.0,17.93499947,..,..,Africa
2020,Myanmar,79006113643,1478.872786,53423198.0,..,..,..,Asia
2020,Namibia,10583748542,4252.04172,2489098.0,24.94099998,..,28.36824036,Africa
2020,Nauru,124685688.2,10124.70062,12315.0,..,..,..,Oceania
2020,Nepal,33433659301,1139.189895,29348627.0,11.46237183,..,13.93122959,Asia
2020,Netherlands,9.09793E+11,52162.57012,17441500.0,10.94425392,..,85.11045074,Europe
2020,New Caledonia,9454629468,34877.63563,271080.0,..,..,..,Oceania
2020,New Zealand,2.12698E+11,41785.69229,5090200.0,14.43650246,..,75.73483276,Oceania
2020,Nicaragua,12681548304,1877.108555,6755895.0,22.68799973,..,18.68600082,North America
2020,Niger,13744653103,564.8416623,24333639.0,13.33300018,..,4.271999836,Africa
2020,Nigeria,4.32199E+11,2074.613748,208327405.0,..,..,..,Africa
2020,North Macedonia,12361036914,6659.596511,1856124.0,..,..,40.42964172,Europe
2020,Northern Mariana Islands,858000000,17302.92214,49587.0,..,..,..,Oceania
2020,Norway,3.67633E+11,68340.0181,5379475.0,10.1225462,..,87.16853333,Europe
2020,Palau,261179138.2,14532.55832,17972.0,..,..,..,Oceania
2020,Panama,57086836900,13293.3332,4294396.0,10.1239996,..,45.22066116,North America
2020,Papua New Guinea,23848445104,2446.084687,9749640.0,..,..,..,Oceania
2020,Paraguay,35432178068,5353.348065,6618695.0,24.52182007,..,..,South America
2020,Peru,2.0141E+11,6047.475464,33304756.0,15.51387978,..,..,South America
2020,Poland,5.99443E+11,15816.81905,37899070.0,10.60445213,..,70.97303772,Europe
2020,Portugal,2.29032E+11,22242.40642,10297081.0,9.607213974,..,67.79801941,Europe
2020,Puerto Rico,1.03131E+11,31427.42911,3281557.0,..,..,..,North America
2020,Romania,2.51363E+11,13047.45666,19265250.0,8.800739288,..,53.47879028,Europe
2020,Russian Federation,1.49308E+12,10108.32715,145245148.0,8.93504715,..,59.06021118,Europe
2020,Rwanda,10174387614,773.9318006,13146362.0,10.7840004,..,7.24450016,Africa
2020,Samoa,868898358.3,4042.722752,214929.0,16.21500015,..,16.38699913,Oceania
2020,San Marino,1541247884,45321.48922,34007.0,6.564468861,..,53.75,Europe
2020,Sao Tome and Principe,471229484.6,2155.265868,218641.0,16.12599945,..,..,Africa
2020,Senegal,24530513038,1492.475903,16436120.0,22.47900009,..,14.22854042,Africa
2020,Serbia,53356484591,7733.803469,6899126.0,..,..,68.57550812,Europe
2020,Seychelles,1382551752,14041.47541,98462.0,6.68331337,..,12.69363022,Africa
2020,Sierra Leone,4062906266,493.4322406,8233970.0,34.24000168,..,..,Africa
2020,Sint Maarten (Dutch part),1236428101,30642.57994,40350.0,..,..,..,North America
2020,Slovak Republic,1.06738E+11,19553.26096,5458827.0,9.939613342,..,48.37900162,Europe
2020,Slovenia,53734526854,25558.42905,2102419.0,11.12562847,..,75.81668091,Europe
2020,Solomon Islands,1536145814,2222.462119,691191.0,..,..,..,Oceania
2020,Somalia,9204140383,556.578066,16537016.0,..,..,..,Africa
2020,South Sudan,..,..,10606227.0,5.547999859,..,..,Africa
2020,Spain,1.27813E+12,26984.29628,47365655.0,9.022061348,..,90.95484924,Europe
2020,St. Kitts and Nevis,883922222.2,18553.42392,47642.0,..,..,..,North America
2020,St. Lucia,1497825994,8356.678555,179237.0,14.39326954,..,16.90415001,North America
2020,St. Martin (French part),..,..,32553.0,..,..,..,North America
2020,St. Vincent and the Grenadines,869111111.1,8306.360493,104632.0,13,..,..,North America
2020,Sudan,27034593750,608.3325195,44440486.0,..,..,..,Africa
2020,Suriname,2911807496,4796.533314,607065.0,13.94200039,..,..,South America
2020,Sweden,5.47054E+11,52837.90398,10353442.0,13.43839073,..,79.11963654,Europe
2020,Switzerland,7.41999E+11,85897.78433,8638167.0,14.23840714,..,68.06764221,Europe
2020,Syrian Arab Republic,11155888304,537.0483709,20772595.0,..,..,..,Asia
2020,Tajikistan,8133963551,852.3302021,9543207.0,..,..,..,Asia
2020,Tanzania,66068737786,1104.164429,61704518.0,13.62899971,..,7.508999825,Africa
2020,Timor-Leste,2162619200,1663.559629,1299995.0,6.956999779,..,..,Asia
2020,Togo,7400284168,876.5429724,8442580.0,18.14299965,..,15.0659399,Africa
2020,Tonga,484796854.9,4605.970841,105254.0,10.73200035,..,20.23699951,Oceania
2020,Trinidad and Tobago,20807571314,13705.90023,1518147.0,11.71627045,..,..,North America
2020,Tunisia,42491816476,3493.897738,12161723.0,..,..,33.13193893,Africa
2020,Turkmenistan,45818000000,7330.366288,6250438.0,27.99839973,..,14.34871006,Asia
2020,Turks and Caicos Islands,774653669.3,17496.01747,44276.0,12.51099968,..,..,North America
2020,Tuvalu,51746594.31,4674.911403,11069.0,..,..,..,Oceania
2020,Uganda,37600368240,846.7672026,44404611.0,8.529000282,..,..,Africa
2020,Ukraine,1.56618E+11,3751.737305,44207754.0,13.27300739,..,82.13459778,Europe
2020,Uruguay,53668636568,15651.00338,3429086.0,13.88136959,..,64.93321991,South America
2020,Uzbekistan,60224701297,1759.307471,34232050.0,21.8166008,..,16.28199959,Asia
2020,Vanuatu,909421043.5,2917.756849,311685.0,5.011050224,..,..,Oceania
2020,"Venezuela, RB",..,..,28490453.0,..,..,..,South America
2020,Viet Nam,3.46616E+11,3586.347176,96648685.0,14.47200012,..,..,Asia
2020,Virgin Islands (U.S.),4189000000,39411.04525,106290.0,..,..,..,North America
2020,West Bank and Gaza,15531700000,3233.568638,4803269.0,..,..,44.84114075,Asia
2020,"Yemen, Rep.",..,626.3091689,32284046.0,..,..,..,Asia
2020,Zambia,18137764931,958.2649005,18927715.0,12.37800026,..,..,Africa
2020,Zimbabwe,21509698406,1372.696674,15669666.0,15.66699982,..,9.723999977,Africa
2021,China,1.78205E+13,12617.5051,1412360000.0,10.85031796,..,67.38761902,Asia
2021,India,3.16727E+12,2250.179018,1407563842.0,14.64700031,..,31.5739994,Asia
2021,Indonesia,1.18651E+12,4334.231454,273753191.0,16.06781578,..,41.0019989,Asia
2021,"Korea, Rep.",1.81843E+12,35125.5225,51769539.0,14.31000042,..,100.3176804,Asia
2021,Saudi Arabia,8.74156E+11,24315.61533,35950396.0,..,..,74.39248657,Asia
2021,Turkiye,8.19865E+11,9743.213131,84147318.0,8.809844971,..,125.7637863,Asia
2021,United Kingdom,3.14151E+12,46869.75906,67026292.0,11.23247051,..,77.01316071,Europe
2021,United States,2.3594E+13,71055.87619,332048977.0,..,..,84.85508728,North America
2021,Brunei Darussalam,14006496617,31448.91275,445373.0,..,..,..,Asia
2021,Israel,4.88527E+11,52129.51596,9371400.0,18.4275074,..,58.99428177,Asia
2021,Kuwait,1.41777E+11,33358.46315,4250114.0,..,..,61.55804825,Asia
2021,Monaco,8626081321,235132.7842,36686.0,5.873690128,..,..,Europe
2021,Oman,88191977373,19509.46646,4520471.0,..,..,43.8433609,Asia
2021,Qatar,1.79732E+11,66858.74172,2688235.0,..,..,31.28140068,Asia
2021,Singapore,4.34112E+11,79601.41296,5453566.0,13.06482029,..,97.09890747,Asia
2021,United Arab Emirates,4.15179E+11,44332.34005,9365145.0,14.75561047,..,..,Asia
2021,Afghanistan,14266499430,355.7778264,40099462.0,..,..,..,Asia
2021,Bangladesh,4.16272E+11,2457.964466,169356251.0,10.22099972,..,23.39999962,Asia
2021,"Egypt, Arab Rep.",4.24672E+11,3886.722498,109262178.0,..,..,..,Africa
2021,"Iran, Islamic Rep.",3.59097E+11,4084.200305,87923432.0,..,..,55.798069,Asia
2021,Iraq,2.09692E+11,4816.784834,43533592.0,..,..,..,Asia
2021,Jordan,46296100141,4152.757954,11148278.0,9.720990181,..,33.49145126,Asia
2021,Lebanon,23131941557,4136.146575,5592631.0,..,..,58.44414139,Asia
2021,Malaysia,3.73832E+11,11134.62295,33573874.0,20.46299934,..,40.91400146,Asia
2021,Pakistan,3.48517E+11,1506.108293,231402117.0,7.816999912,..,12.59799957,Asia
2021,Philippines,3.94087E+11,3460.539382,113880328.0,16.71899986,..,34.89099884,Asia
2021,South Africa,4.20118E+11,7073.612754,59392255.0,18.48597908,..,25.35660934,Africa
2021,Sri Lanka,88609332762,3999.338002,22156000.0,5.039000034,..,21.36300087,Asia
2021,Thailand,5.06256E+11,7070.512507,71601103.0,11.87624741,..,49.66899872,Asia
2021,Bahrain,39288670213,26850.00339,1463265.0,9.081000328,..,70.76303101,Asia
2021,"Hong Kong SAR, China",3.68954E+11,49770.56424,7413100.0,14.85682678,..,97.3813324,Asia
2021,Albania,17930565119,6377.203096,2811666.0,9.833778381,..,60.31758118,Europe
2021,Algeria,1.86265E+11,4216.251285,44177969.0,16.0510006,..,54.20999146,Africa
2021,American Samoa,750000000,16653.71378,45035.0,..,..,..,Oceania
2021,Andorra,3324683012,42066.49052,79034.0,6.349999905,..,15.20427036,Europe
2021,Angola,66505129988,1927.474078,34503774.0,6.920000076,..,..,Africa
2021,Antigua and Barbuda,1601366667,17178.54372,93219.0,6.860000134,..,..,North America
2021,Argentina,4.87903E+11,10650.86046,45808747.0,12.28489971,..,107.130661,South America
2021,Armenia,13878908629,4972.783204,2790974.0,9.667304039,..,58.75630951,Asia
2021,Aruba,3103184102,29127.75938,106537.0,..,..,..,North America
2021,Australia,1.55903E+12,60697.24544,25685412.0,13.14539528,..,112.6882935,Oceania
2021,Austria,4.79295E+11,53517.89045,8955797.0,8.811378479,..,93.94007111,Europe
2021,Azerbaijan,54825411765,5408.045352,10137750.0,10.78862762,..,38.86608124,Asia
2021,"Bahamas, The",11368900000,27871.37233,407906.0,12.28199959,..,..,North America
2021,Barbados,4945276000,17586.33001,281200.0,14.84473038,..,..,North America
2021,Belarus,69673747132,7489.718947,9302585.0,12.36244392,..,73.95913696,Europe
2021,Belgium,6.00904E+11,51863.83116,11586195.0,11.31968021,..,82.6882019,Europe
2021,Belize,2424575179,6060.968223,400031.0,17.95356941,..,23.51840019,North America
2021,Benin,17687623530,1360.911474,12996895.0,17.59600067,..,10.23151016,Africa
2021,Bermuda,7286607000,114274.622,63764.0,12.02099991,..,..,North America
2021,Bhutan,2768802803,3561.225287,777486.0,15.71000004,..,17.70599937,Asia
2021,Bolivia,40406111693,3345.023002,12079472.0,23.14578056,..,..,South America
2021,Bosnia and Herzegovina,23672712242,7237.274463,3270943.0,..,..,43.57767868,Europe
2021,Botswana,18750946600,7244.158548,2588423.0,..,..,22.90464973,Africa
2021,Brazil,1.67065E+12,7794.880979,214326223.0,..,..,56.83061981,South America
2021,British Virgin Islands,..,..,31122.0,10.84599972,..,32.70713043,North America
2021,Bulgaria,84041493016,12219.34187,6877743.0,10.56167126,..,74.02764893,Europe
2021,Burkina Faso,19643166854,888.8036109,22100683.0,21.56200027,..,9.36093998,Africa
2021,Burundi,2775798697,221.1578034,12551213.0,20.43899918,..,6.287000179,Africa
2021,Cabo Verde,2051842610,3489.973397,587925.0,15.11299992,..,..,Africa
2021,Cambodia,26961061152,1625.235021,16589023.0,15.73600006,..,13.8760004,Asia
2021,Cameroon,44993521774,1654.257037,27198628.0,15.04800034,..,..,Africa
2021,Canada,2.00747E+12,52496.84417,38239864.0,11.05468845,..,77.80229187,North America
2021,Cayman Islands,6060026510,88940.15659,68136.0,..,..,48.17900085,North America
2021,Central African Republic,2516498412,461.137511,5457154.0,9.088999748,..,..,Africa
2021,Chad,11779981332,685.690315,17179740.0,15.36017036,..,..,Africa
2021,Channel Islands,11138490592,64502.53118,172683.0,..,..,..,Europe
2021,Chile,3.15515E+11,16185.91477,19493184.0,..,..,96.22279358,South America
2021,Colombia,3.18525E+11,6182.955944,51516562.0,11.55000019,..,58.31592178,South America
2021,Comoros,1296089480,1577.470841,821625.0,10.28600025,..,..,Africa
2021,"Congo, Dem. Rep.",55328482784,576.9747294,95894118.0,21.61199951,..,..,Africa
2021,"Congo, Rep.",14825690210,2540.470024,5835806.0,17.87800026,..,..,Africa
2021,Costa Rica,64960725734,12604.04884,5153957.0,20.08245659,..,..,North America
2021,Cote d'Ivoire,72794636654,2649.173048,27478249.0,16.26627922,..,..,Africa
2021,Croatia,69602166351,17943.41513,3878981.0,10.7206068,..,72.33335876,Europe
2021,Cuba,..,..,11256372.0,15.96700001,..,51.07854843,North America
2021,Curacao,2739608133,17980.08869,152369.0,15.27700043,..,15.74499989,North America
2021,Cyprus,29482912835,32745.83984,1244188.0,12.73620987,..,96.53778839,Asia
2021,Czechia,2.81791E+11,26822.51419,10505772.0,10.87690353,..,69.10617828,Europe
2021,Denmark,4.05688E+11,69268.6518,5856733.0,11.888381,..,83.98229218,Europe
2021,Djibouti,3385825229,3062.551482,1105557.0,..,..,..,Africa
2021,Dominica,555266666.7,7668.158132,72412.0,7.767000198,..,..,North America
2021,Dominican Republic,94243425938,8476.749639,11117873.0,19.59399986,..,58.62807846,North America
2021,Ecuador,1.07435E+11,6036.447274,17797737.0,9.756010056,..,..,South America
2021,El Salvador,29043140000,4599.678786,6314167.0,11.96135902,..,..,North America
2021,Equatorial Guinea,12215878033,7473.926061,1634466.0,..,..,..,Africa
2021,Eritrea,..,..,3620312.0,..,..,..,Africa
2021,Estonia,36864792512,27698.47935,1330932.0,14.25197411,..,73.15020752,Europe
2021,Eswatini,4850842541,4068.57379,1192271.0,15.3409996,..,..,Africa
2021,Ethiopia,1.11262E+11,925.0006976,120283026.0,23.56200027,..,..,Africa
2021,Faroe Islands,3655063938,69108.20658,52889.0,..,..,..,Europe
2021,Fiji,4305031650,4656.051362,924610.0,14.46399975,..,..,Oceania
2021,Finland,2.9647E+11,53504.69365,5541017.0,10.23112202,..,100.8680725,Europe
2021,France,2.95936E+12,43671.30841,67764304.0,8.875411034,..,68.97485352,Europe
2021,French Polynesia,6150640646,20230.24105,304032.0,..,..,..,Oceania
2021,Gabon,20217946921,8635.797144,2341179.0,15.35499954,..,..,Africa
2021,"Gambia, The",2014158843,762.9632317,2639916.0,15.62199974,..,..,Africa
2021,Georgia,18853115589,5083.606955,3708610.0,12.46901035,..,76.82131195,Asia
2021,Germany,4.2785E+12,51426.75037,83196078.0,9.0661726,..,75.6655426,Europe
2021,Ghana,79524421861,2422.085913,32833031.0,12.16699982,..,19.18631935,Africa
2021,Gibraltar,..,..,32669.0,7.618000031,..,..,Europe
2021,Greece,2.14668E+11,20310.68248,10569207.0,7.111895561,..,150.201767,Europe
2021,Greenland,3235809504,57116.29577,56653.0,..,..,..,North America
2021,Grenada,1122800000,9010.5128,124610.0,10.05900002,..,..,North America
2021,Guam,6234000000,36555.76014,170534.0,..,..,..,Oceania
2021,Guatemala,86053083476,5029.477555,17109746.0,19.55177879,..,..,North America
2021,Guinea,16091817842,1189.175999,13531906.0,11.50199986,..,6.718999863,Africa
2021,Guinea-Bissau,1724555634,836.8700248,2060721.0,..,..,..,Africa
2021,Guyana,8041362110,9994.645704,804567.0,..,..,..,South America
2021,Haiti,20877414953,1823.742224,11447569.0,16.10700035,..,..,North America
2021,Honduras,28144331507,2738.21627,10278345.0,..,..,..,North America
2021,Hungary,1.8211E+11,18755.10235,9709891.0,10.36329174,..,56.52434921,Europe
2021,Iceland,25797870984,69252.31124,372520.0,15.40631294,..,86.52320862,Europe
2021,Ireland,5.13392E+11,102001.7982,5033164.0,12.02367306,..,78.77760315,Europe
2021,Isle of Man,7931193222,94124.26833,84263.0,..,..,..,Europe
2021,Italy,2.15488E+12,36441.0598,59133173.0,7.437161922,..,71.287117,Europe
2021,Jamaica,14657586159,5183.58103,2827695.0,17.41790009,..,..,North America
2021,Japan,5.03462E+12,40058.53733,125681593.0,7.427923203,..,63.17026901,Asia
2021,Kazakhstan,1.97112E+11,10270.88734,19191356.0,24.0871315,..,..,Asia
2021,Kenya,1.09704E+11,2069.661129,53005614.0,..,..,19.98500061,Africa
2021,Kiribati,289207526.3,2244.110731,128874.0,12.90967941,..,..,Oceania
2021,"Korea, Dem. People's Rep.",..,..,25971909.0,..,..,..,Asia
2021,Kosovo,9413403724,5270.55064,1786038.0,..,..,..,Europe
2021,Kyrgyz Republic,9249133946,1365.508304,6773400.0,19.71117401,..,52.52500153,Asia
2021,Lao PDR,18827148531,2535.623434,7425057.0,10.76000023,..,12.45899963,Asia
2021,Latvia,39443126174,20930.39824,1884490.0,12.65317726,..,93.4839325,Europe
2021,Lesotho,2406780519,1054.93274,2281454.0,14.38799953,..,..,Africa
2021,Liberia,3513049520,676.442927,5193416.0,7.36619997,..,..,Africa
2021,Libya,47786789104,7094.99982,6735277.0,..,..,..,Africa
2021,Liechtenstein,7710380086,197504.5489,39039.0,..,..,46.01895905,Europe
2021,Lithuania,66798933786,23849.6157,2800839.0,12.74449539,..,71.90931702,Europe
2021,Luxembourg,85584105994,133711.7944,640064.0,11.00318336,..,20.73414993,Europe
2021,"Macao SAR, China",30969334705,45104.89218,686607.0,12.8669157,..,98.96961975,Asia
2021,Madagascar,14554754117,503.3520812,28915653.0,15.51599979,..,5.581999779,Africa
2021,Malawi,12580922008,632.5331926,19889742.0,..,..,2.411000013,Africa
2021,Maldives,5254366312,10076.31753,521457.0,10.03299999,..,..,Asia
2021,Mali,19309463508,881.5100887,21904983.0,16.21821022,..,..,Africa
2021,Malta,18123718947,34951.70817,518536.0,12.65894127,..,73.02269745,Europe
2021,Marshall Islands,257784881.6,6130.437137,42050.0,22.87000084,..,..,Oceania
2021,Mauritania,9222536364,1998.394003,4614974.0,9.104820251,..,..,Africa
2021,Mauritius,11484348766,9068.97293,1266334.0,11.66645622,..,43.95907974,Africa
2021,Mexico,1.31307E+12,10363.19272,126705138.0,..,..,45.65061951,North America
2021,"Micronesia, Fed. Sts.",390000000,3447.33097,113131.0,..,..,..,Oceania
2021,Moldova,13691869264,5274.605822,2595809.0,16.33657837,..,61.30234146,Europe
2021,Mongolia,15286441738,4566.14013,3347782.0,9.987043381,..,64.45899963,Asia
2021,Montenegro,5861427505,9465.96153,619211.0,..,..,56.82814026,Europe
2021,Morocco,1.41818E+11,3767.524902,37076584.0,23.75600052,..,42.82289124,Africa
2021,Mozambique,16168055475,504.0377587,32077072.0,18.76000023,..,..,Africa
2021,Myanmar,66345291160,1233.22777,53798084.0,..,..,..,Asia
2021,Namibia,12402486184,4901.875889,2530151.0,25.13500023,..,..,Africa
2021,Nauru,175390280.7,14018.88584,12511.0,..,..,..,Oceania
2021,Nepal,36924841394,1229.394204,30034989.0,12.82202911,..,14.38399982,Asia
2021,Netherlands,1.02968E+12,58727.87055,17533044.0,11.01996231,..,88.95426178,Europe
2021,New Caledonia,10071349664,37247.49312,270390.0,..,..,..,Oceania
2021,New Zealand,2.53644E+11,49624.18167,5111300.0,14.28818035,..,79.41288757,Oceania
2021,Nicaragua,14144067556,2064.664619,6850540.0,..,..,19.89999962,North America
2021,Niger,14915002436,590.6294948,25252722.0,11.95300007,..,..,Africa
2021,Nigeria,4.40839E+11,2065.77441,213401323.0,..,..,..,Africa
2021,North Macedonia,14000283827,7620.80297,1837114.0,..,..,40.54917145,Europe
2021,Northern Mariana Islands,..,..,49481.0,..,..,..,Oceania
2021,Norway,5.03368E+11,93072.89251,5408320.0,10.26693344,..,93.92430115,Europe
2021,Palau,229858184.8,12752.8953,18024.0,..,..,..,Oceania
2021,Panama,67406738100,15491.2898,4351267.0,9.340000153,..,53.04459,North America
2021,Papua New Guinea,26113333240,2624.60411,9949437.0,..,..,..,Oceania
2021,Paraguay,39950899939,5959.441794,6703799.0,23.63689995,..,..,South America
2021,Peru,2.26354E+11,6713.662054,33715471.0,16.70947075,..,..,South America
2021,Poland,6.81346E+11,18050.27789,37747124.0,11.16927338,..,70.9335022,Europe
2021,Portugal,2.55535E+11,24661.16649,10361831.0,9.709188461,..,71.8742981,Europe
2021,Puerto Rico,1.06427E+11,32619.25042,3262693.0,..,..,..,North America
2021,Romania,2.8581E+11,14946.62497,19122059.0,8.14435482,..,55.26560974,Europe
2021,Russian Federation,1.84339E+12,12521.52246,144746762.0,..,..,57.12604141,Europe
2021,Rwanda,11069280277,822.2680412,13461888.0,15.53223991,..,6.997000217,Africa
2021,Samoa,843923638.7,3857.689742,218764.0,..,..,17.5720005,Oceania
2021,San Marino,1855382833,54982.45171,33745.0,7.897803307,..,56.70391083,Europe
2021,Sao Tome and Principe,524402450.8,2350.452701,223107.0,16.58399963,..,..,Africa
2021,Senegal,27520784130,1630.695072,16876720.0,21.52499962,..,15.73433018,Africa
2021,Serbia,63101042898,9232.957705,6834326.0,7.086689949,..,69.29070282,Europe
2021,Seychelles,1487173795,14982.91115,99258.0,..,..,15.47105026,Africa
2021,Sierra Leone,4249234704,504.6212876,8420641.0,33.42000198,..,..,Africa
2021,Sint Maarten (Dutch part),1353071061,33238.45587,40708.0,..,..,..,North America
2021,Slovak Republic,1.18563E+11,21765.7225,5447247.0,9.352379799,..,50.73424911,Europe
2021,Slovenia,61832201544,29331.0647,2108079.0,11.50174236,..,82.24004364,Europe
2021,Solomon Islands,1522794913,2151.293017,707851.0,..,..,..,Oceania
2021,Somalia,9838711529,576.5236782,17065581.0,..,..,..,Africa
2021,South Sudan,..,..,10748272.0,11.20800018,..,..,Africa
2021,Spain,1.44565E+12,30488.82095,47415794.0,9.178600311,..,94.59037781,Europe
2021,St. Kitts and Nevis,858622222.2,18036.00853,47606.0,6.199419975,..,..,North America
2021,St. Lucia,1834796402,10213.11544,179651.0,14.46800041,..,..,North America
2021,St. Martin (French part),649206262.8,20320.71688,31948.0,..,..,..,North America
2021,St. Vincent and the Grenadines,872225925.9,8360.099739,104332.0,..,..,..,North America
2021,Sudan,34229513775,749.7067871,45657202.0,..,..,..,Africa
2021,Suriname,3081401726,5026.879493,612985.0,..,..,8.801739693,South America
2021,Sweden,6.39715E+11,61417.68088,10415811.0,13.53193951,..,85.94261932,Europe
2021,Switzerland,8.13409E+11,93446.43445,8704546.0,14.55084133,..,71.89392853,Europe
2021,Syrian Arab Republic,8980060819,421.1173452,21324367.0,..,..,..,Asia
2021,Tajikistan,8937805347,916.6919671,9750064.0,20.40312958,..,..,Asia
2021,Tanzania,70655628148,1146.031982,63588334.0,13.5369997,..,3.707999945,Africa
2021,Timor-Leste,3621958000,2741.95082,1320942.0,7.471000195,..,..,Asia
2021,Togo,8342243646,964.99811,8644829.0,17.45299911,..,..,Africa
2021,Tonga,469228219.7,4425.971492,106017.0,10.11699963,..,..,Oceania
2021,Trinidad and Tobago,24496505941,16056.30204,1525663.0,10.02651978,..,..,North America
2021,Tunisia,46812290143,3817.377174,12262946.0,..,..,33.8982811,Africa
2021,Turkmenistan,50007428571,7885.299896,6341855.0,29.08345032,..,16.41584015,Asia
2021,Turks and Caicos Islands,1045782454,23180.88517,45114.0,12.56857014,..,..,North America
2021,Tuvalu,60196405.71,5372.760239,11204.0,..,..,..,Oceania
2021,Uganda,40529788744,883.8920262,45853778.0,8.215000153,..,..,Africa
2021,Ukraine,1.99766E+11,4827.845703,43848986.0,14.25187588,..,75.90794373,Europe
2021,Uruguay,60760798596,17733.85516,3426260.0,14.77762032,..,75.17138672,South America
2021,Uzbekistan,69600614987,1993.424478,34915100.0,21.43250847,..,21.79199982,Asia
2021,Vanuatu,950394006.5,2978.012598,319137.0,..,..,..,Oceania
2021,"Venezuela, RB",..,..,28199867.0,..,..,..,South America
2021,Viet Nam,3.66475E+11,3759.948329,97468029.0,14.81700039,..,38.8730011,Asia
2021,Virgin Islands (U.S.),4444000000,41976.00831,105870.0,..,..,..,North America
2021,West Bank and Gaza,18109000000,3678.635657,4922749.0,..,..,43.51065063,Asia
2021,"Yemen, Rep.",..,583.8490413,32981641.0,..,..,..,Asia
2021,Zambia,22096416932,1134.713454,19473125.0,..,..,..,Africa
2021,Zimbabwe,28371238666,1773.920411,15993524.0,..,..,..,Africa
2022,China,1.78818E+13,12662.58317,1412175000.0,10.50490284,..,71.98155212,Asia
2022,India,3.35347E+12,2366.309609,1417173173.0,..,..,32.66999817,Asia
2022,Indonesia,1.31908E+12,4787.912364,275501339.0,13.93261433,..,42.63317108,Asia
2022,"Korea, Rep.",1.67392E+12,32394.68337,51672569.0,..,..,103.2760391,Asia
2022,Saudi Arabia,1.10857E+12,30447.88232,36408820.0,..,..,73.74920654,Asia
2022,Turkiye,9.07118E+11,10674.50417,84979913.0,8.778811455,..,..,Asia
2022,United Kingdom,3.08884E+12,45564.15694,67791000.0,..,..,82.65164948,Europe
2022,United States,2.57441E+13,77246.67388,333271411.0,..,..,79.36193085,North America
2022,Brunei Darussalam,16681536467,37152.47697,449002.0,..,..,..,Asia
2022,Israel,5.25002E+11,54930.93881,9557500.0,..,..,..,Asia
2022,Kuwait,1.82809E+11,42823.82783,4268873.0,..,..,..,Asia
2022,Monaco,8784002932,240862.1824,36469.0,4.79598999,..,..,Europe
2022,Oman,1.14667E+11,25056.79486,4576298.0,14.14004993,..,..,Asia
2022,Qatar,2.3577E+11,87480.41971,2695122.0,..,..,35.08549118,Asia
2022,Singapore,4.98475E+11,88428.70242,5637022.0,..,..,..,Asia
2022,United Arab Emirates,5.07064E+11,53707.98008,9441129.0,..,..,..,Asia
2022,Afghanistan,14502158192,352.6037331,41128771.0,..,..,..,Asia
2022,Bangladesh,4.60132E+11,2687.899063,171186372.0,11.73400021,..,22.84000015,Asia
2022,"Egypt, Arab Rep.",4.76748E+11,4295.407496,110990103.0,..,..,37.81845093,Africa
2022,"Iran, Islamic Rep.",4.13395E+11,4668.457443,88550570.0,21.8658905,..,60.69453812,Asia
2022,Iraq,2.8664E+11,6441.917365,44496122.0,..,..,..,Asia
2022,Jordan,48653381831,4311.000051,11285869.0,9.580220222,..,36.00880814,Asia
2022,Lebanon,20992421949,3823.938069,5489739.0,..,..,61.59561157,Asia
2022,Malaysia,4.07027E+11,11993.18761,33938221.0,20.14999962,..,40.27099991,Asia
2022,Pakistan,3.74788E+11,1589.26398,235824862.0,..,..,12.69659996,Asia
2022,Philippines,4.04353E+11,3499.10728,115559009.0,15.6960001,..,..,Asia
2022,South Africa,4.05271E+11,6766.481254,59893885.0,..,..,..,Africa
2022,Sri Lanka,74144875098,3342.720125,22181000.0,5.346000195,..,22.96500015,Asia
2022,Thailand,4.95645E+11,6913.050805,71697030.0,..,..,49.13600159,Asia
2022,Bahrain,44383297872,30146.92503,1472233.0,9.295999527,..,77.24449158,Asia
2022,"Hong Kong SAR, China",3.58696E+11,48828.12125,7346100.0,..,..,97.34902191,Asia
2022,Albania,18916378861,6810.114041,2777689.0,..,..,62.73199081,Europe
2022,Algeria,2.2556E+11,5023.252932,44903225.0,13.10200024,..,53.40124893,Africa
2022,American Samoa,871000000,19673.3901,44273.0,..,..,..,Oceania
2022,Andorra,3380602043,42350.69707,79824.0,6.961249828,..,34.48035049,Europe
2022,Angola,1.044E+11,2933.484644,35588987.0,6.639999866,..,..,Africa
2022,Antigua and Barbuda,1867733333,19919.72669,93763.0,9.168000221,..,..,North America
2022,Argentina,6.31133E+11,13650.60463,46234830.0,..,..,..,South America
2022,Armenia,19513474648,7018.051504,2780469.0,9.702664375,..,59.80644989,Asia
2022,Aruba,3544707788,33300.83882,106445.0,..,..,..,North America
2022,Australia,1.69296E+12,65077.67667,26014399.0,13.94469357,..,106.2407608,Oceania
2022,Austria,4.70942E+11,52084.6812,9041851.0,8.977280617,..,..,Europe
2022,Azerbaijan,78807470588,7770.594223,10141756.0,..,..,41.77328873,Asia
2022,"Bahamas, The",13136400000,32041.25039,409984.0,11.44200039,..,..,North America
2022,Barbados,5840673700,20738.45119,281635.0,12.73071957,..,..,North America
2022,Belarus,73775179925,7994.648061,9228071.0,12.81081104,..,70.86756897,Europe
2022,Belgium,5.83614E+11,49942.09064,11685814.0,..,..,..,Europe
2022,Belize,2830507576,6984.21696,405272.0,17.83135033,..,23.7802906,North America
2022,Benin,17425418044,1304.994797,13352864.0,17.18799973,..,..,Africa
2022,Bermuda,7827980000,123091.1235,63595.0,11.63000011,..,..,North America
2022,Bhutan,2898227713,3704.018395,782455.0,19.65399933,..,17.52899933,Asia
2022,Bolivia,44008282880,3600.121635,12224110.0,..,..,..,South America
2022,Bosnia and Herzegovina,24534663636,7587.588173,3233526.0,..,..,44.63267136,Europe
2022,Botswana,20321958850,7726.110997,2630296.0,..,..,..,Africa
2022,Brazil,1.95192E+12,9065.497334,215313498.0,..,..,60.39062119,South America
2022,British Virgin Islands,..,..,31305.0,12.19999981,..,31.35634041,North America
2022,Bulgaria,90346169915,13974.44925,6465097.0,..,..,..,Europe
2022,Burkina Faso,18820219331,830.0439659,22673762.0,21.95800018,..,9.730079651,Africa
2022,Burundi,3338722828,259.0250314,12889576.0,20.63699913,..,6.517000198,Africa
2022,Cabo Verde,2303738020,3883.911159,593149.0,..,..,..,Africa
2022,Cambodia,29504829319,1759.608023,16767842.0,..,..,14.9989996,Asia
2022,Cameroon,43644068311,1563.48894,27914536.0,12.7670002,..,..,Africa
2022,Canada,2.16148E+12,55509.39318,38939056.0,11.05468845,..,..,North America
2022,Cayman Islands,6600844002,96073.76359,68706.0,..,..,44.54499817,North America
2022,Central African Republic,2382618615,427.0580962,5579144.0,10.74199963,..,..,Africa
2022,Chad,12396807590,699.4632545,17723315.0,16.72299957,..,..,Africa
2022,Channel Islands,11228317319,64501.27424,174079.0,..,..,..,Europe
2022,Chile,3.02117E+11,15411.17395,19603733.0,..,..,99.33728027,South America
2022,Colombia,3.4533E+11,6657.086697,51874024.0,..,..,59.29013824,South America
2022,Comoros,1242519408,1484.892465,836774.0,10.47599983,..,..,Africa
2022,"Congo, Dem. Rep.",65801547620,664.5935433,99010212.0,18.40800095,..,..,Africa
2022,"Congo, Rep.",15817030157,2649.230634,5970424.0,16.63500023,..,..,Africa
2022,Costa Rica,69243626029,13365.3564,5180829.0,..,..,..,North America
2022,Cote d'Ivoire,70173140101,2491.895934,28160542.0,15.90301037,..,..,Africa
2022,Croatia,71997070660,18673.17799,3855641.0,..,..,..,Europe
2022,Cuba,..,..,11212191.0,16.95999908,..,..,North America
2022,Curacao,3073840325,20492.81531,149996.0,12.41499996,..,15.90100002,North America
2022,Cyprus,29250532020,32048.24805,1251488.0,..,..,..,Asia
2022,Czechia,2.90566E+11,27226.61564,10672118.0,..,..,..,Europe
2022,Denmark,4.00167E+11,67790.05399,5903037.0,..,..,84.58660889,Europe
2022,Djibouti,3674298479,3278.138696,1120849.0,..,..,..,Africa
2022,Dominica,607159259.3,8347.32336,72737.0,6.413000107,..,..,North America
2022,Dominican Republic,1.13537E+11,10111.24571,11228821.0,22.36300087,..,..,North America
2022,Ecuador,1.16586E+11,6476.644575,18001000.0,9.270460129,..,..,South America
2022,El Salvador,31988920000,5048.443973,6336392.0,..,..,..,North America
2022,Equatorial Guinea,13486788879,8052.256529,1674908.0,..,..,..,Africa
2022,Eritrea,..,..,3684032.0,..,..,..,Africa
2022,Estonia,37921480882,28114.14318,1348840.0,..,..,71.42519379,Europe
2022,Eswatini,4790922789,3986.887239,1201670.0,16.62100029,..,..,Africa
2022,Ethiopia,1.26773E+11,1027.498631,123379924.0,23.00600052,..,..,Africa
2022,Faroe Islands,3555929833,66979.27732,53090.0,..,..,..,Europe
2022,Fiji,4979979531,5356.16438,929766.0,..,..,..,Oceania
2022,Finland,2.81887E+11,50734.71075,5556106.0,..,..,104.9442215,Europe
2022,France,2.77909E+12,40886.25327,67971311.0,..,..,70.79418945,Europe
2022,French Polynesia,5814661209,18984.8511,306279.0,..,..,..,Oceania
2022,Gabon,21071739228,8820.347338,2388992.0,13.80300045,..,..,Africa
2022,"Gambia, The",2175099790,803.808655,2705992.0,14.48400021,..,..,Africa
2022,Georgia,24984568960,6729.846599,3712502.0,12.17459774,..,78.93771362,Asia
2022,Germany,4.08247E+12,48717.99114,83797985.0,9.190701485,..,..,Europe
2022,Ghana,74263364042,2218.414758,33475870.0,13.1789999,..,20.38973045,Africa
2022,Gibraltar,..,..,32649.0,7.821000099,..,..,Europe
2022,Greece,2.17581E+11,20867.26909,10426919.0,..,..,..,Europe
2022,Greenland,..,..,56661.0,..,..,..,North America
2022,Grenada,1224577778,9762.414721,125438.0,9.873000145,..,..,North America
2022,Guam,6910000000,40227.27537,171774.0,..,..,..,Oceania
2022,Guatemala,95003330316,5473.208564,17357886.0,..,..,..,North America
2022,Guinea,20999229260,1515.167948,13859341.0,11.94999981,..,..,Africa
2022,Guinea-Bissau,1714166526,814.1119901,2105566.0,..,..,..,Africa
2022,Guyana,14718388489,18199.47484,808726.0,..,..,..,South America
2022,Haiti,20253551921,1748.257135,11584996.0,13.1239996,..,..,North America
2022,Honduras,31426041807,3012.217341,10432860.0,..,..,..,North America
2022,Hungary,1.77006E+11,18355.82781,9643048.0,..,..,..,Europe
2022,Iceland,28701830402,75135.09161,382003.0,14.89868927,..,..,Europe
2022,Ireland,5.3314E+11,103983.2913,5127170.0,..,..,..,Europe
2022,Isle of Man,..,..,84519.0,..,..,..,Europe
2022,Italy,2.06697E+12,35068.83597,58940425.0,..,..,..,Europe
2022,Jamaica,17097760687,6047.216444,2827377.0,16.93285942,..,..,North America
2022,Japan,4.25641E+12,34017.27181,125124989.0,..,..,..,Asia
2022,Kazakhstan,2.25496E+11,11484.41681,19634983.0,..,..,..,Asia
2022,Kenya,1.1342E+11,2099.298568,54027487.0,..,..,20.4829998,Africa
2022,Kiribati,270520731.6,2061.393041,131232.0,15.36075401,..,..,Oceania
2022,"Korea, Dem. People's Rep.",..,..,26069416.0,..,..,..,Asia
2022,Kosovo,9354903062,5290.977397,1768086.0,..,..,..,Europe
2022,Kyrgyz Republic,12134931018,1739.8,6974900.0,20.98124886,..,55.91899872,Asia
2022,Lao PDR,15468785204,2054.430781,7529475.0,9.074999809,..,..,Asia
2022,Latvia,40422521943,21508.40033,1879383.0,..,..,91.33036804,Europe
2022,Lesotho,2289355249,992.8573285,2305825.0,12.39099979,..,..,Africa
2022,Liberia,4001047000,754.5328486,5302681.0,11.72700024,..,..,Africa
2022,Libya,55938727098,8211.380948,6812341.0,..,..,..,Africa
2022,Liechtenstein,7364654515,187267.1324,39327.0,..,..,..,Europe
2022,Lithuania,71013953448,25078.74537,2831639.0,..,..,..,Europe
2022,Luxembourg,81641807866,125006.0218,653103.0,10.74243736,..,..,Europe
2022,"Macao SAR, China",24464719190,35192.52784,695168.0,..,..,116.232193,Asia
2022,Madagascar,15302510500,516.772197,29611714.0,13.85400009,..,6.150969982,Africa
2022,Malawi,13129458326,643.4331957,20405317.0,..,..,2.701999903,Africa
2022,Maldives,6170638746,11780.81691,523787.0,10.18200016,..,..,Asia
2022,Mali,18780322204,831.2234666,22593590.0,18.19000053,..,..,Africa
2022,Malta,18357069273,34563.39663,531113.0,..,..,78.62294006,Europe
2022,Marshall Islands,258774475.1,6225.179222,41569.0,11.3453598,..,53.50614929,Oceania
2022,Mauritania,9744039515,2057.380392,4736139.0,10.43500042,..,..,Africa
2022,Mauritius,12927979286,10239.79705,1262523.0,12.18731976,..,44.38869858,Africa
2022,Mexico,1.46332E+12,11476.67881,127504125.0,..,..,46.40613174,North America
2022,"Micronesia, Fed. Sts.",430000000,3766.511335,114164.0,..,..,..,Oceania
2022,Moldova,14510490660,5715.280221,2538894.0,15.79878139,..,64.39253998,Europe
2022,Mongolia,17146471714,5045.504726,3398366.0,..,..,64.31700134,Asia
2022,Montenegro,6229801581,10093.4387,617213.0,..,..,56.06755066,Europe
2022,Morocco,1.30913E+11,3441.991455,37457971.0,23.86599922,..,46.17955017,Africa
2022,Mozambique,18406835495,558.2985925,32969518.0,..,..,..,Africa
2022,Myanmar,62253049892,1149.018961,54179306.0,..,..,..,Asia
2022,Namibia,12567271005,4895.680661,2567012.0,25.3220005,..,..,Africa
2022,Nauru,153824609.5,12142.76993,12668.0,..,..,..,Oceania
2022,Nepal,41182939601,1348.15719,30547580.0,..,..,13.9989996,Asia
2022,Netherlands,1.0094E+12,57025.01246,17700982.0,..,..,..,Europe
2022,New Caledonia,9623318718,35745.84892,269215.0,..,..,..,Oceania
2022,New Zealand,2.46734E+11,48216.50958,5117200.0,13.1385479,..,..,Oceania
2022,Nicaragua,15649934215,2252.310206,6948392.0,..,..,..,North America
2022,Niger,15433852712,588.8990483,26207977.0,12.37100029,..,..,Africa
2022,Nigeria,4.72625E+11,2162.633732,218541212.0,..,..,..,Africa
2022,North Macedonia,13711469681,7485.603458,1831712.0,..,..,41.66165161,Europe
2022,Northern Mariana Islands,..,..,49551.0,..,..,..,Oceania
2022,Norway,5.93727E+11,108798.4512,5457127.0,10.12211418,..,..,Europe
2022,Palau,242333709.7,13421.97229,18055.0,..,..,..,Oceania
2022,Panama,76522511781,17357.62863,4408581.0,11.76000023,..,..,North America
2022,Papua New Guinea,31603619037,3115.922923,10142619.0,..,..,..,Oceania
2022,Paraguay,41952910858,6187.06603,6780744.0,24.06851006,..,..,South America
2022,Peru,2.46489E+11,7239.111311,34049588.0,16.47224998,..,..,South America
2022,Poland,6.89763E+11,18732.49773,36821749.0,..,..,73.97937775,Europe
2022,Portugal,2.55197E+11,24515.26575,10409704.0,..,..,..,Europe
2022,Puerto Rico,1.13567E+11,35268.0791,3220113.0,..,..,..,North America
2022,Romania,2.98892E+11,15692.30717,19047009.0,..,..,..,Europe
2022,Russian Federation,2.26603E+12,15445.24219,144236933.0,..,..,56.61700058,Europe
2022,Rwanda,13316160804,966.5712933,13776698.0,12.75790024,..,7.026850224,Africa
2022,Samoa,832945205.6,3745.560367,222382.0,..,..,17.03215981,Oceania
2022,San Marino,..,..,33660.0,..,..,53.35179901,Europe
2022,Sao Tome and Principe,542686976.5,2386.696176,227380.0,17.08600044,..,..,Africa
2022,Senegal,27619479060,1594.985153,17316449.0,22.16600037,..,16.8081398,Africa
2022,Serbia,63563410721,9537.684319,6664449.0,..,..,66.30625916,Europe
2022,Seychelles,2057968520,17167.19098,119878.0,..,..,15.27857971,Africa
2022,Sierra Leone,4094563859,475.7957278,8605718.0,29.37000084,..,..,Africa
2022,Sint Maarten (Dutch part),1537088715,37592.66081,40888.0,..,..,3.383029938,North America
2022,Slovak Republic,1.15585E+11,21279.45892,5431752.0,..,..,52.49591064,Europe
2022,Slovenia,60063475466,28439.3341,2111986.0,..,..,82.39225769,Europe
2022,Solomon Islands,1566360686,2162.66613,724273.0,..,..,..,Oceania
2022,Somalia,10419541202,592.103122,17597511.0,..,..,..,Africa
2022,South Sudan,..,..,10913164.0,..,..,..,Africa
2022,Spain,1.4178E+12,29674.54429,47778340.0,..,..,..,Europe
2022,St. Kitts and Nevis,981429629.6,20593.60912,47657.0,..,..,..,North America
2022,St. Lucia,2343703788,13030.92895,179857.0,16.34354019,..,16.25926971,North America
2022,St. Martin (French part),..,..,31791.0,..,..,..,North America
2022,St. Vincent and the Grenadines,966492592.6,9297.846929,103948.0,15.22700024,..,..,North America
2022,Sudan,51666875363,1102.245361,46874204.0,..,..,..,Africa
2022,Suriname,3620987993,5858.824661,618040.0,..,..,..,South America
2022,Sweden,5.9041E+11,56299.50573,10486941.0,..,..,83.89761353,Europe
2022,Switzerland,8.18427E+11,93259.90572,8775760.0,..,..,74.15267944,Europe
2022,Syrian Arab Republic,..,..,22125249.0,..,..,..,Asia
2022,Tajikistan,10713525200,1076.434691,9952787.0,..,..,..,Asia
2022,Tanzania,75769974505,1193.359619,65497748.0,14.33199978,..,5.43200016,Africa
2022,Timor-Leste,3204753000,2389.295875,1341296.0,..,..,..,Asia
2022,Togo,8169476149,923.2403712,8848699.0,14.47599983,..,..,Africa
2022,Tonga,500274898.1,4681.679407,106858.0,9.765000343,..,..,Oceania
2022,Trinidad and Tobago,30053575132,19629.46534,1531044.0,9.201000214,..,..,North America
2022,Tunisia,44579761023,3607.910238,12356117.0,..,..,37.80490875,Africa
2022,Turkmenistan,56542857143,8792.548504,6430770.0,28.59746933,..,18.25165939,Asia
2022,Turks and Caicos Islands,1228794383,26886.51474,45703.0,12.99528027,..,17.09104919,North America
2022,Tuvalu,59065982.09,5221.53307,11312.0,..,..,..,Oceania
2022,Uganda,45565333216,964.3541465,47249585.0,8.482000351,..,..,Africa
2022,Ukraine,1.6199E+11,4575.975098,38000000.0,8.48585701,..,70.72100067,Europe
2022,Uruguay,70164683290,20499.24222,3422794.0,16.82099915,..,..,South America
2022,Uzbekistan,81140823252,2276.161233,35648100.0,..,..,31.52899933,Asia
2022,Vanuatu,1022219298,3128.540422,326740.0,..,..,..,Oceania
2022,"Venezuela, RB",..,..,28301696.0,..,..,..,South America
2022,Viet Nam,4.10324E+11,4179.01179,98186856.0,15.44900036,..,42.22399902,Asia
2022,Virgin Islands (U.S.),..,..,105413.0,..,..,..,North America
2022,West Bank and Gaza,19165500000,3799.95527,5043612.0,..,..,44.98463821,Asia
2022,"Yemen, Rep.",..,698.85035,33696614.0,..,..,..,Asia
2022,Zambia,29163782140,1456.90157,20017675.0,..,..,..,Africa
2022,Zimbabwe,27366627153,1676.821489,16320537.0,..,..,..,Africa
2023,China,1.77948E+13,12614.06099,1410710000.0,..,..,..,Asia
2023,India,3.54992E+12,2484.845429,1428627663.0,..,..,33.11700058,Asia
2023,Indonesia,1.37117E+12,4940.549805,277534122.0,..,..,..,Asia
2023,"Korea, Rep.",1.71279E+12,33121.37129,51712619.0,..,..,..,Asia
2023,Saudi Arabia,1.06758E+12,28894.96335,36947025.0,..,..,..,Asia
2023,Turkiye,1.10802E+12,12985.75315,85326000.0,..,..,..,Asia
2023,United Kingdom,3.34003E+12,48866.60396,68350000.0,..,..,..,Europe
2023,United States,2.73609E+13,81695.18707,334914895.0,..,..,..,North America
2023,Brunei Darussalam,15128292954,33430.91848,452524.0,..,..,..,Asia
2023,Israel,5.09901E+11,52261.67615,9756700.0,..,..,..,Asia
2023,Kuwait,1.61772E+11,37533.21772,4310108.0,..,..,..,Asia
2023,Monaco,..,..,36297.0,..,..,..,Europe
2023,Oman,1.08192E+11,23295.32996,4644384.0,..,..,..,Asia
2023,Qatar,..,..,2716391.0,..,..,..,Asia
2023,Singapore,5.01428E+11,84734.25592,5917648.0,..,..,..,Asia
2023,United Arab Emirates,5.04173E+11,52976.80838,9516871.0,..,..,..,Asia
2023,Afghanistan,..,..,42239854.0,..,..,..,Asia
2023,Bangladesh,4.37415E+11,2529.080127,172954319.0,12.01200008,..,..,Asia
2023,"Egypt, Arab Rep.",3.95926E+11,3512.580065,112716598.0,..,..,..,Africa
2023,"Iran, Islamic Rep.",4.01505E+11,4502.546329,89172767.0,..,..,..,Asia
2023,Iraq,2.50843E+11,5512.47572,45504560.0,..,..,..,Asia
2023,Jordan,50813642349,4482.086026,11337052.0,..,..,..,Asia
2023,Lebanon,..,..,5353930.0,..,..,..,Asia
2023,Malaysia,3.99649E+11,11648.67416,34308525.0,..,..,..,Asia
2023,Pakistan,3.38368E+11,1407.021351,240485658.0,..,..,13.42905998,Asia
2023,Philippines,4.37146E+11,3725.551205,117337368.0,..,..,..,Asia
2023,South Africa,3.77782E+11,6253.161613,60414495.0,..,..,..,Africa
2023,Sri Lanka,84356860421,3827.964806,22037000.0,8.67800045,..,..,Asia
2023,Thailand,5.14945E+11,7171.808093,71801279.0,..,..,48.75299835,Asia
2023,Bahrain,43205000000,29084.30713,1485509.0,..,..,..,Asia
2023,"Hong Kong SAR, China",3.82055E+11,50696.59032,7536100.0,..,..,..,Asia
2023,Albania,22977677861,8367.775731,2745972.0,..,..,..,Europe
2023,Algeria,2.39899E+11,5260.20625,45606480.0,13.26099968,..,..,Africa
2023,American Samoa,..,..,43914.0,..,..,..,Oceania
2023,Andorra,3727673593,46544.72072,80088.0,..,..,..,Europe
2023,Angola,84722957642,2309.52162,36684202.0,7.725999832,..,..,Africa
2023,Antigua and Barbuda,2033085185,21560.21533,94298.0,9.803999901,..,..,North America
2023,Argentina,6.40591E+11,13730.51471,46654581.0,..,..,..,South America
2023,Armenia,24212134631,8715.765336,2777970.0,..,..,..,Asia
2023,Aruba,..,..,106277.0,..,..,..,North America
2023,Australia,1.72383E+12,64711.7656,26638544.0,..,..,..,Oceania
2023,Austria,5.16034E+11,56505.96828,9132383.0,..,..,..,Europe
2023,Azerbaijan,72356176471,7155.083604,10112555.0,..,..,..,Asia
2023,"Bahamas, The",14338500000,34749.63829,412623.0,11.59399986,..,..,North America
2023,Barbados,6393564190,22672.61544,281995.0,13.60200024,..,..,North America
2023,Belarus,71857382746,7829.053137,9178298.0,..,..,..,Europe
2023,Belgium,6.32217E+11,53475.2935,11822592.0,..,..,..,Europe
2023,Belize,3281500000,7987.585955,410825.0,18.88100052,..,..,North America
2023,Benin,19673284686,1434.662834,13712828.0,19.04299927,..,..,Africa
2023,Bermuda,..,..,63489.0,12.17700005,..,16.99213028,North America
2023,Bhutan,..,..,787424.0,17.79999924,..,..,Asia
2023,Bolivia,45849832906,3700.978338,12388571.0,..,..,..,South America
2023,Bosnia and Herzegovina,27054889363,8426.09111,3210847.0,..,..,..,Europe
2023,Botswana,19395765126,7249.799326,2675352.0,..,..,..,Africa
2023,Brazil,2.17367E+12,10043.62392,216422446.0,..,..,..,South America
2023,British Virgin Islands,..,..,31538.0,11.08500004,..,..,North America
2023,Bulgaria,1.01584E+11,15797.59558,6430370.0,..,..,..,Europe
2023,Burkina Faso,20324617839,874.1212804,23251485.0,20.29700089,..,..,Africa
2023,Burundi,2642161669,199.5807602,13238559.0,..,..,..,Africa
2023,Cabo Verde,2587252076,4321.579864,598682.0,..,..,..,Africa
2023,Cambodia,31772759999,1875.071482,16944826.0,..,..,..,Asia
2023,Cameroon,47945510090,1673.648889,28647293.0,13.08300018,..,..,Africa
2023,Canada,2.14009E+12,53371.69743,40097761.0,..,..,..,North America
2023,Cayman Islands,..,..,69310.0,..,..,..,North America
2023,Central African Republic,2555492085,445.028196,5742315.0,9.994000435,..,..,Africa
2023,Chad,13149325359,719.3848752,18278568.0,16.48399925,..,..,Africa
2023,Channel Islands,..,..,175346.0,..,..,..,Europe
2023,Chile,3.35533E+11,17093.24197,19629590.0,..,..,..,South America
2023,Colombia,3.6354E+11,6979.725135,52085168.0,..,..,..,South America
2023,Comoros,1352380972,1587.161896,852075.0,..,..,..,Africa
2023,"Congo, Dem. Rep.",66383287003,649.1439879,102262808.0,..,..,..,Africa
2023,"Congo, Rep.",15321055818,2508.823395,6106869.0,15.74800014,..,..,Africa
2023,Costa Rica,86497941439,16595.37038,5212173.0,..,..,..,North America
2023,Cote d'Ivoire,78788828907,2728.803246,28873034.0,12.84799957,..,..,Africa
2023,Croatia,82688842717,21459.78478,3853200.0,..,..,..,Europe
2023,Cuba,..,..,11194449.0,..,..,..,North America
2023,Curacao,..,..,147862.0,..,..,..,North America
2023,Cyprus,32229622669,34701.44141,1260138.0,..,..,..,Asia
2023,Czechia,3.30858E+11,30427.42347,10873689.0,..,..,..,Europe
2023,Denmark,4.04199E+11,67967.38187,5946952.0,..,..,..,Europe
2023,Djibouti,4098530514,3606.416896,1136455.0,..,..,..,Africa
2023,Dominica,653992592.6,8953.896394,73040.0,7.09100008,..,..,North America
2023,Dominican Republic,1.21444E+11,10716.01336,11332972.0,22.02499962,..,..,North America
2023,Ecuador,1.18845E+11,6533.351504,18190484.0,..,..,..,South America
2023,El Salvador,34015620000,5344.214394,6364943.0,..,..,..,North America
2023,Equatorial Guinea,12116922539,7066.616593,1714671.0,..,..,..,Africa
2023,Eritrea,..,..,3748901.0,..,..,..,Africa
2023,Estonia,40744848828,29823.74961,1366188.0,..,..,..,Europe
2023,Eswatini,4597855845,3797.301209,1210822.0,..,..,..,Africa
2023,Ethiopia,1.63698E+11,1293.778008,126527060.0,..,..,..,Africa
2023,Faroe Islands,..,..,53270.0,..,..,..,Europe
2023,Fiji,5494797541,5868.159168,936375.0,..,..,..,Oceania
2023,Finland,3.00187E+11,53755.91174,5584264.0,..,..,..,Europe
2023,France,3.0309E+12,44460.81785,68170228.0,..,..,..,Europe
2023,French Polynesia,..,..,308872.0,..,..,..,Oceania
2023,Gabon,20516134389,8420.102057,2436566.0,13.56599998,..,..,Africa
2023,"Gambia, The",2339904157,843.7657426,2773168.0,17.50300026,..,..,Africa
2023,Georgia,30535530479,8120.363443,3760365.0,..,..,78.54199982,Asia
2023,Germany,4.45608E+12,52745.75571,84482267.0,..,..,..,Europe
2023,Ghana,76370394412,2238.158021,34121985.0,12.03499985,..,..,Africa
2023,Gibraltar,..,..,32688.0,8.831999779,..,..,Europe
2023,Greece,2.38206E+11,22990.01357,10361295.0,..,..,..,Europe
2023,Greenland,..,..,56865.0,..,..,..,North America
2023,Grenada,1320334236,10463.64594,126183.0,14.35900021,..,..,North America
2023,Guam,..,..,172952.0,..,..,..,Oceania
2023,Guatemala,1.0205E+11,5797.521596,17602431.0,..,..,..,North America
2023,Guinea,23612295818,1663.937807,14190612.0,10.02700043,..,..,Africa
2023,Guinea-Bissau,1966461400,914.2751538,2150842.0,..,..,..,Africa
2023,Guyana,16786302158,20626.19915,813834.0,..,..,..,South America
2023,Haiti,19850829758,1693.068743,11724763.0,11.23099995,..,..,North America
2023,Honduras,34400509852,3247.231055,10593798.0,..,..,..,North America
2023,Hungary,2.12389E+11,22147.20973,9589872.0,..,..,..,Europe
2023,Iceland,31020032583,78811.05839,393600.0,..,..,..,Europe
2023,Ireland,5.45629E+11,103684.8808,5262382.0,..,..,..,Europe
2023,Isle of Man,..,..,84710.0,..,..,..,Europe
2023,Italy,2.25485E+12,38373.16605,58761146.0,..,..,..,Europe
2023,Jamaica,19423355367,6874.200284,2825544.0,..,..,..,North America
2023,Japan,4.21295E+12,33834.39211,124516650.0,..,..,..,Asia
2023,Kazakhstan,2.61421E+11,13136.62291,19900177.0,..,..,..,Asia
2023,Kenya,1.07441E+11,1949.898969,55100586.0,..,..,..,Africa
2023,Kiribati,279034355.1,2089.910161,133515.0,..,..,..,Oceania
2023,"Korea, Dem. People's Rep.",..,..,26160821.0,..,..,..,Asia
2023,Kosovo,10438351483,5943.125714,1756374.0,..,..,..,Europe
2023,Kyrgyz Republic,13987627909,1969.866481,7100800.0,..,..,56.01800156,Asia
2023,Lao PDR,15843155731,2075.401414,7633779.0,..,..,..,Asia
2023,Latvia,43627078481,23184.31167,1881750.0,..,..,..,Europe
2023,Lesotho,2046039024,878.0085055,2330318.0,11.26200008,..,..,Africa
2023,Liberia,4332000000,799.5014005,5418377.0,12.43200016,..,..,Africa
2023,Libya,50491722446,7329.976541,6888388.0,..,..,..,Africa
2023,Liechtenstein,..,..,39584.0,..,..,..,Europe
2023,Lithuania,77836396963,27102.78153,2871897.0,..,..,..,Europe
2023,Luxembourg,85755006124,128259.4026,668606.0,..,..,..,Europe
2023,"Macao SAR, China",47061843716,66835.06433,704149.0,..,..,..,Asia
2023,Madagascar,16031702915,528.6501548,30325732.0,14.06799984,..,..,Africa
2023,Malawi,14084341062,672.8697022,20931751.0,..,..,..,Africa
2023,Maldives,6600000000,12667.43567,521021.0,10.85000038,..,..,Asia
2023,Mali,20904898296,897.4486703,23293698.0,19.12199974,..,..,Africa
2023,Malta,20956999452,37882.26519,553214.0,..,..,..,Europe
2023,Marshall Islands,284000000,6762.548814,41996.0,..,..,..,Oceania
2023,Mauritania,10452577063,2149.414087,4862989.0,..,..,..,Africa
2023,Mauritius,14397127281,11416.85899,1261041.0,..,..,..,Africa
2023,Mexico,1.78889E+12,13926.11362,128455567.0,..,..,..,North America
2023,"Micronesia, Fed. Sts.",460000000,3992.223842,115224.0,..,..,..,Oceania
2023,Moldova,16539436547,6650.647957,2486891.0,..,..,..,Europe
2023,Mongolia,19872180370,5764.802813,3447157.0,..,..,65.27855682,Asia
2023,Montenegro,7404541965,12016.90742,616177.0,..,..,..,Europe
2023,Morocco,1.41109E+11,3672.112305,37840044.0,..,..,..,Africa
2023,Mozambique,20624597847,608.4427076,33897354.0,..,..,..,Africa
2023,Myanmar,64815031669,1187.567064,54577997.0,..,..,..,Asia
2023,Namibia,12351024844,4742.783827,2604172.0,24.96999931,..,..,Africa
2023,Nauru,154127798.2,12060.07811,12780.0,..,..,..,Oceania
2023,Nepal,40908073367,1324.031984,30896590.0,..,..,..,Asia
2023,Netherlands,1.11812E+12,62536.73203,17879488.0,..,..,..,Europe
2023,New Caledonia,..,..,267940.0,..,..,..,Oceania
2023,New Zealand,2.53466E+11,48527.82892,5223100.0,..,..,..,Oceania
2023,Nicaragua,17829215284,2530.291072,7046310.0,..,..,..,North America
2023,Niger,16819170421,618.287229,27202843.0,12.80700016,..,..,Africa
2023,Nigeria,3.62815E+11,1621.123515,223804632.0,..,..,..,Africa
2023,North Macedonia,14761237042,8146.467975,1811980.0,..,..,..,Europe
2023,Northern Mariana Islands,..,..,49796.0,..,..,..,Oceania
2023,Norway,4.85513E+11,87961.78061,5519594.0,..,..,..,Europe
2023,Palau,263020733.7,14565.33025,18058.0,..,..,..,Oceania
2023,Panama,83382400000,18661.76733,4468087.0,11.92399979,..,..,North America
2023,Papua New Guinea,30932496250,2994.453327,10329931.0,..,..,..,Oceania
2023,Paraguay,42956263544,6260.455191,6861524.0,..,..,..,South America
2023,Peru,2.67603E+11,7789.870975,34352719.0,17.90999985,..,..,South America
2023,Poland,8.11229E+11,22112.86157,36685849.0,..,..,..,Europe
2023,Portugal,2.8708E+11,27275.11155,10525347.0,..,..,..,Europe
2023,Puerto Rico,1.17902E+11,36779.05949,3205691.0,..,..,..,North America
2023,Romania,3.51003E+11,18419.41871,19056116.0,..,..,..,Europe
2023,Russian Federation,2.02142E+12,13817.0459,143826130.0,..,..,..,Europe
2023,Rwanda,14097768648,1000.218923,14094683.0,12.20400047,..,..,Africa
2023,Samoa,934100336.3,4139.029587,225681.0,..,..,..,Oceania
2023,San Marino,..,..,33642.0,..,..,..,Europe
2023,Sao Tome and Principe,603240749,2601.790547,231856.0,18.34499931,..,..,Africa
2023,Senegal,31013986429,1745.972068,17763163.0,22.54700089,..,..,Africa
2023,Serbia,75187125427,11360.95951,6618026.0,..,..,..,Europe
2023,Seychelles,2141450171,17879.23965,119773.0,..,..,..,Africa
2023,Sierra Leone,3809832237,433.3741743,8791092.0,..,..,..,Africa
2023,Sint Maarten (Dutch part),1623165683,39432.63812,41163.0,..,..,..,North America
2023,Slovak Republic,1.32794E+11,24470.23854,5426740.0,..,..,..,Europe
2023,Slovenia,68216781411,32163.51142,2120937.0,..,..,..,Europe
2023,Solomon Islands,1631286701,2203.179126,740424.0,..,..,..,Oceania
2023,Somalia,11679800110,643.7500288,18143378.0,..,..,..,Africa
2023,South Sudan,..,..,11088796.0,8.118000031,..,..,Africa
2023,Spain,1.58069E+12,32676.98371,48373336.0,..,..,..,Europe
2023,St. Kitts and Nevis,1077033111,22553.30565,47755.0,..,..,..,North America
2023,St. Lucia,2519925939,13980.09408,180251.0,..,..,..,North America
2023,St. Martin (French part),..,..,32077.0,..,..,..,North America
2023,St. Vincent and the Grenadines,1065962963,10279.49394,103698.0,12.85499954,..,..,North America
2023,Sudan,1.09327E+11,2272.485596,48109006.0,..,..,..,Africa
2023,Suriname,3782437296,6069.028901,623236.0,..,..,..,South America
2023,Sweden,5.93268E+11,56305.2502,10536632.0,..,..,..,Europe
2023,Switzerland,8.8494E+11,99994.93802,8849852.0,..,..,..,Europe
2023,Syrian Arab Republic,..,..,23227014.0,..,..,..,Asia
2023,Tajikistan,12060602009,1188.993038,10143543.0,..,..,..,Asia
2023,Tanzania,79158286334,1211.058594,67438106.0,13.70400047,..,..,Africa
2023,Timor-Leste,2243142908,1648.64729,1360596.0,..,..,..,Asia
2023,Togo,9171261835,1012.973873,9053799.0,14.82400036,..,..,Africa
2023,Tonga,..,..,107773.0,..,..,..,Oceania
2023,Trinidad and Tobago,28139944790,18332.96402,1534937.0,7.921999931,..,..,North America
2023,Tunisia,48529595417,3895.386639,12458223.0,..,..,..,Africa
2023,Turkmenistan,59887334844,9190.671543,6516100.0,..,..,..,Asia
2023,Turks and Caicos Islands,1402054391,30438.41759,46062.0,14.26299953,..,..,North America
2023,Tuvalu,62280311.59,5465.102807,11396.0,..,..,..,Oceania
2023,Uganda,49272882214,1014.213978,48582334.0,8.626000404,..,..,Africa
2023,Ukraine,1.78757E+11,5181.362793,37000000.0,..,..,..,Europe
2023,Uruguay,77240831587,22564.53246,3423108.0,15.43400002,..,..,South America
2023,Uzbekistan,90889149307,2496.107758,36412350.0,..,..,41.1629982,Asia
2023,Vanuatu,1126313359,3367.094639,334506.0,..,..,..,Oceania
2023,"Venezuela, RB",..,..,28838499.0,..,..,..,South America
2023,Viet Nam,4.29717E+11,4346.768492,98858950.0,..,..,..,Asia
2023,Virgin Islands (U.S.),..,..,104917.0,..,..,..,North America
2023,West Bank and Gaza,17396300000,3367.60699,5165775.0,..,..,..,Asia
2023,"Yemen, Rep.",..,533.3671235,34449825.0,..,..,..,Asia
2023,Zambia,28162630954,1369.129365,20569737.0,13.85900021,..,..,Africa
2023,Zimbabwe,26538273499,1592.416574,16665409.0,..,..,..,Africa
,,,,,,,,
,,,,,,,,
,,,,,,,,
Data from database: World Development Indicators,,,,,,,,
Last Updated: 09/19/2024,,,,,,,,
